DateOfMatch,Try1,Try2,Try3,Try4,Try5,Try6,Try7,Try8,Try9,Try10,Try11,Try12,Try13,Try14,Try15,MatchID,TryID
06/12/2014,Magnus Lund,Andrei Ostrikov,NULL,NULL,NULL,NULL,NULL,NULL,NULL,NULL,NULL,NULL,NULL,NULL,NULL,1150,2000
13/12/2009,Dwayne Peel,Nick Macleod,David Seymour,Ben Cohen,NULL,NULL,NULL,NULL,NULL,NULL,NULL,NULL,NULL,NULL,NULL,1000,2001
20/12/2009,Sisa Koyamaibole,Eifion Lewis-Roberts,NULL,NULL,NULL,NULL,NULL,NULL,NULL,NULL,NULL,NULL,NULL,NULL,NULL,1001,2002
27/12/2009,NULL,NULL,NULL,NULL,NULL,NULL,NULL,NULL,NULL,NULL,NULL,NULL,NULL,NULL,NULL,1002,2003
01/01/2010,James Gaskell,Ben Cohen,NULL,NULL,NULL,NULL,NULL,NULL,NULL,NULL,NULL,NULL,NULL,NULL,NULL,1003,2004
16/01/2010,Sisa Koyamaibole,Mathew Tait,Mathew Tait,NULL,NULL,NULL,NULL,NULL,NULL,NULL,NULL,NULL,NULL,NULL,NULL,1004,2005
24/01/2010,Mathew Tait,NULL,NULL,NULL,NULL,NULL,NULL,NULL,NULL,NULL,NULL,NULL,NULL,NULL,NULL,1005,2006
29/01/2010,Charlie Hodgson,Sisa Koyamaibole,NULL,NULL,NULL,NULL,NULL,NULL,NULL,NULL,NULL,NULL,NULL,NULL,NULL,1006,2007
06/02/2010,Kristian Ormsby,NULL,NULL,NULL,NULL,NULL,NULL,NULL,NULL,NULL,NULL,NULL,NULL,NULL,NULL,1007,2008
16/09/2007,Ben Foden,Lee Thomas,NULL,NULL,NULL,NULL,NULL,NULL,NULL,NULL,NULL,NULL,NULL,NULL,NULL,NULL,2009
08/10/2010,Sisa Koyamaibole,Nick Macleod,Nick Macleod,Andy Tuilagi,Tom Brady,Tom Brady,Tom Brady,Tommy Bell,Fergus Mulchrone,Fergus Mulchrone,Chris Brightwell,Ben Cohen,Chris Jones,Rob Miller,Chris Leck,1008,2010
16/10/2010,Tom Brady,Tom Brady,Nick Macleod,Mark Cueto,Mark Cueto,Nick Macleod,Rob Miller,NULL,NULL,NULL,NULL,NULL,NULL,NULL,NULL,1009,2011
31/10/2010,Andy Tuilagi,Ben Cohen,NULL,NULL,NULL,NULL,NULL,NULL,NULL,NULL,NULL,NULL,NULL,NULL,NULL,1010,2012
05/11/2010,Tom Brady,Fergus Mulchrone,Fergus Mulchrone,Tom Brady,Tom Brady,Chris Leck,NULL,NULL,NULL,NULL,NULL,NULL,NULL,NULL,NULL,1011,2013
14/11/2010,Sean Cox,Rhys Crane,NULL,NULL,NULL,NULL,NULL,NULL,NULL,NULL,NULL,NULL,NULL,NULL,NULL,1012,2014
19/11/2010,Ben Cohen,NULL,NULL,NULL,NULL,NULL,NULL,NULL,NULL,NULL,NULL,NULL,NULL,NULL,NULL,1013,2015
27/11/2010,Rhys Crane,NULL,NULL,NULL,NULL,NULL,NULL,NULL,NULL,NULL,NULL,NULL,NULL,NULL,NULL,1014,2016
11/12/2010,NULL,NULL,NULL,NULL,NULL,NULL,NULL,NULL,NULL,NULL,NULL,NULL,NULL,NULL,NULL,1015,2017
20/12/2010,Mathew Tait,NULL,NULL,NULL,NULL,NULL,NULL,NULL,NULL,NULL,NULL,NULL,NULL,NULL,NULL,1016,2018
27/12/2010,Asaeli Boko,Dwayne Peel,Kristian Ormsby,NULL,NULL,NULL,NULL,NULL,NULL,NULL,NULL,NULL,NULL,NULL,NULL,1017,2019
02/01/2011,Mark Cueto,James Gaskell,Tommy Bell,NULL,NULL,NULL,NULL,Tommy Bell,NULL,NULL,NULL,NULL,NULL,NULL,NULL,1018,2020
07/01/2011,Sisa Koyamaibole,NULL,NULL,NULL,NULL,NULL,NULL,NULL,NULL,NULL,NULL,NULL,NULL,NULL,NULL,1019,2021
14/01/2011,Nick Macleod,Mathew Tait,Mathew Tait,Rob Miller,Will Cliff,Henry Thomas,Neil McMillan,Chris Brightwell,NULL,NULL,NULL,NULL,NULL,NULL,NULL,1020,2022
22/01/2011,Jonny Kennedy,Jonny Kennedy,Mathew Tait,Fergus Mulchrone,Rob Miller,Kyle Tonetti,Lee Imiolek,Chris Jones,NULL,NULL,NULL,NULL,NULL,NULL,NULL,1021,2023
28/01/2011,Henry Thomas,Aston Croall,Aston Croall,NULL,NULL,NULL,NULL,NULL,NULL,NULL,NULL,NULL,NULL,NULL,NULL,1022,2024
06/02/2011,Nick Macleod,NULL,NULL,NULL,NULL,NULL,NULL,NULL,NULL,NULL,NULL,NULL,NULL,NULL,NULL,1023,2025
01/09/2018,AJ MacGinty,Marland Yarde,NULL,NULL,NULL,NULL,NULL,NULL,NULL,NULL,NULL,NULL,NULL,NULL,NULL,1462,2026
09/09/2018,Josh Beaumont,Denny Solomona,NULL,NULL,NULL,NULL,NULL,NULL,NULL,NULL,NULL,NULL,NULL,NULL,NULL,1463,2027
15/09/2018,Bryn Evans,Marland Yarde,NULL,NULL,NULL,NULL,NULL,NULL,NULL,NULL,NULL,NULL,NULL,NULL,NULL,1024,2028
22/09/2018,Jono Ross,NULL,NULL,NULL,NULL,NULL,NULL,NULL,NULL,NULL,NULL,NULL,NULL,NULL,NULL,1025,2029
30/09/2018,Curtis Langdon,Rob Webber,Marland Yarde,NULL,NULL,NULL,NULL,NULL,NULL,NULL,NULL,NULL,NULL,NULL,NULL,1026,2030
06/10/2018,Bryn Evans,Rohan Janse Van Rensburg,James Phillips,NULL,Rohan Janse Van Rensburg,NULL,NULL,NULL,NULL,NULL,NULL,NULL,NULL,NULL,NULL,1027,2031
17/11/2018,Byron McGuigan,NULL,NULL,NULL,NULL,NULL,NULL,NULL,NULL,NULL,NULL,NULL,NULL,NULL,NULL,1028,2032
24/11/2018,Denny Solomona,Denny Solomona,NULL,NULL,NULL,NULL,NULL,NULL,NULL,NULL,NULL,NULL,NULL,NULL,NULL,1029,2033
02/12/2018,Jean-Luc du Preez,NULL,NULL,NULL,NULL,NULL,NULL,NULL,NULL,NULL,NULL,NULL,NULL,NULL,NULL,1030,2034
12/10/2018,Byron McGuigan,Byron McGuigan,Byron McGuigan,Rob Webber,Rohan Janse Van Rensburg,Luke James,NULL,NULL,NULL,NULL,NULL,NULL,NULL,NULL,NULL,1464,2035
20/10/2018,Chris Ashton,Chris Ashton,Chris Ashton,Josh Beaumont,NULL,NULL,NULL,NULL,NULL,NULL,NULL,NULL,NULL,NULL,NULL,1031,2036
08/12/2018,Paolo Odogwu,Paolo Odogwu,Chris Ashton,Chris Ashton,Ben Curry,NULL,NULL,NULL,NULL,NULL,NULL,NULL,NULL,NULL,NULL,1032,2037
15/12/2018,Luke James,Rob Webber,NULL,NULL,NULL,NULL,NULL,NULL,NULL,NULL,NULL,NULL,NULL,NULL,NULL,1033,2038
26/10/2018,NULL,NULL,NULL,NULL,NULL,NULL,NULL,NULL,NULL,NULL,NULL,NULL,NULL,NULL,NULL,1034,2039
02/11/2018,Paolo Odogwu,Will Cliff,NULL,NULL,NULL,NULL,NULL,NULL,NULL,NULL,NULL,NULL,NULL,NULL,NULL,1035,2040
09/11/2018,Rob Webber,NULL,NULL,NULL,NULL,NULL,NULL,NULL,NULL,NULL,NULL,NULL,NULL,NULL,NULL,1036,2041
02/09/2016,Johnny Leota,Byron McGuigan,NULL,NULL,NULL,NULL,NULL,NULL,NULL,NULL,NULL,NULL,NULL,NULL,NULL,1061,2042
09/09/2016,David Seymour,NULL,NULL,NULL,NULL,NULL,NULL,NULL,NULL,NULL,NULL,NULL,NULL,NULL,NULL,1062,2043
16/09/2016,Sam James,Cameron Neild,NULL,NULL,NULL,NULL,NULL,NULL,NULL,NULL,NULL,NULL,NULL,NULL,NULL,1063,2044
24/09/2016,Will Addison,Will Addison,Halani Aulika,Neil Briggs,NULL,NULL,NULL,NULL,NULL,NULL,NULL,NULL,NULL,NULL,NULL,1064,2045
01/10/2016,Halani Aulika,Johnny Leota ,Paolo Odogwu,James Phillips,NULL,NULL,NULL,NULL,NULL,NULL,NULL,NULL,NULL,NULL,NULL,1065,2046
07/10/2016,NULL,NULL,NULL,NULL,NULL,NULL,NULL,NULL,NULL,NULL,NULL,NULL,NULL,NULL,NULL,1066,2047
30/10/2016,Tom Curry,Mike Haley,Eifion Lewis-Roberts,Byron McGuigan,Paolo Odogwu,NULL,NULL,NULL,NULL,NULL,NULL,NULL,NULL,NULL,NULL,1067,2048
20/11/2016,Josh Beaumont,NULL,NULL,NULL,NULL,NULL,NULL,NULL,NULL,NULL,NULL,NULL,NULL,NULL,NULL,1068,2049
27/11/2016,Bryn Evans,Bryn Evans,Mike Haley,NULL,NULL,NULL,NULL,NULL,NULL,NULL,NULL,NULL,NULL,NULL,NULL,1069,2050
02/12/2016,NULL,NULL,NULL,NULL,NULL,NULL,NULL,NULL,NULL,NULL,NULL,NULL,NULL,NULL,NULL,1070,2051
23/12/2016,NULL,NULL,NULL,NULL,NULL,NULL,NULL,NULL,NULL,NULL,NULL,NULL,NULL,NULL,NULL,1071,2052
01/01/2017,Johnny Leota,Denny Solomona,Penalty try,NULL,NULL,NULL,NULL,NULL,NULL,NULL,NULL,NULL,NULL,NULL,NULL,1072,2053
07/01/2017,Byron McGuigan,Denny Solomona,Denny Solomona,NULL,NULL,NULL,NULL,NULL,NULL,NULL,NULL,NULL,NULL,NULL,NULL,1073,2054
10/02/2017,Bryn Evans,Byron McGuigan,Denny Solomona,NULL,NULL,NULL,NULL,NULL,NULL,NULL,NULL,NULL,NULL,NULL,NULL,1074,2055
19/02/2017,Mark Jennings,Denny Solomona,Denny Solomona,Denny Solomona,NULL,NULL,NULL,NULL,NULL,NULL,NULL,NULL,NULL,NULL,NULL,1075,2056
25/02/2017,Magnus Lund,Cameron Neild,NULL,NULL,NULL,NULL,NULL,NULL,NULL,NULL,NULL,NULL,NULL,NULL,NULL,1076,2057
03/03/2017,Josh Charnley,Bryn Evans,NULL,NULL,NULL,NULL,NULL,NULL,NULL,NULL,NULL,NULL,NULL,NULL,NULL,1077,2058
25/03/2017,Denny Solomona,NULL,NULL,NULL,NULL,NULL,NULL,NULL,NULL,NULL,NULL,NULL,NULL,NULL,NULL,1078,2059
07/04/2017,Ben Curry,Mike Haley,Sam James,Sam James,Byron McGuigan,NULL,NULL,NULL,NULL,NULL,NULL,NULL,NULL,NULL,NULL,1079,2060
15/04/2017,Sam James,Kieran Longbottom ,Byron McGuigan,James Phillips,NULL,NULL,NULL,NULL,NULL,NULL,NULL,NULL,NULL,NULL,NULL,1080,2061
29/04/2017,Bryn Evans,Rob Webber,NULL,NULL,NULL,NULL,NULL,NULL,NULL,NULL,NULL,NULL,NULL,NULL,NULL,1081,2062
06/05/2017,Josh Charnley,Ben Curry,Denny Solomona,NULL,NULL,NULL,NULL,NULL,NULL,NULL,NULL,NULL,NULL,NULL,NULL,1082,2063
15/10/2016,Neil Briggs,NULL,NULL,NULL,NULL,NULL,NULL,NULL,NULL,NULL,NULL,NULL,NULL,NULL,NULL,1315,2064
21/10/2016,Paolo Odogwu,NULL,NULL,NULL,NULL,NULL,NULL,NULL,NULL,NULL,NULL,NULL,NULL,NULL,NULL,1083,2065
10/12/2016,NULL,NULL,NULL,NULL,NULL,NULL,NULL,NULL,NULL,NULL,NULL,NULL,NULL,NULL,NULL,1084,2066
18/12/2016,Bryn Evans,NULL,NULL,NULL,NULL,NULL,NULL,NULL,NULL,NULL,NULL,NULL,NULL,NULL,NULL,1085,2067
15/01/2017,Sam James,Rob Webber,NULL,NULL,NULL,NULL,NULL,NULL,NULL,NULL,NULL,NULL,NULL,NULL,NULL,1086,2068
21/01/2017,Paolo Odogwu,Will Addison,NULL,NULL,NULL,NULL,NULL,NULL,NULL,NULL,NULL,NULL,NULL,NULL,NULL,1087,2069
04/11/2016,Mark Jennings,Sam Bedlow,NULL,NULL,NULL,NULL,NULL,NULL,NULL,NULL,NULL,NULL,NULL,NULL,NULL,1088,2070
11/11/2016,Halani Aulika,NULL,NULL,NULL,NULL,NULL,NULL,NULL,NULL,NULL,NULL,NULL,NULL,NULL,NULL,1089,2071
27/01/2017,Denny Solomona,Jonathan Mills,Laurence Pearce,Laurence Pearce,Neil Briggs,James Flynn,NULL,NULL,NULL,NULL,NULL,NULL,NULL,NULL,NULL,1090,2072
03/02/2017,Neil Briggs,NULL,NULL,NULL,NULL,NULL,NULL,NULL,NULL,NULL,NULL,NULL,NULL,NULL,NULL,1091,2073
02/09/2017,Byron McGuigan,Ben Curry,Denny Solomona,Faf de Klerk,Josh Strauss,NULL,NULL,NULL,NULL,NULL,NULL,NULL,NULL,NULL,NULL,1092,2074
08/09/2017,NULL,NULL,NULL,NULL,NULL,NULL,NULL,NULL,NULL,NULL,NULL,NULL,NULL,NULL,NULL,1093,2075
15/09/2017,Ross Harrison,Denny Solomona,Denny Solomona,Josh Charnley,Mark Jennings,NULL,NULL,NULL,NULL,NULL,NULL,NULL,NULL,NULL,NULL,1094,2076
23/09/2017,Byron McGuigan,Byron McGuigan,NULL,NULL,NULL,NULL,NULL,NULL,NULL,NULL,NULL,NULL,NULL,NULL,NULL,1037,2077
29/09/2017,Denny Solomona,Denny Solomona,Byron McGuigan,Byron McGuigan,Byron McGuigan,Faf de Klerk,Sam James,James O'Connor,NULL,NULL,NULL,NULL,NULL,NULL,NULL,1038,2078
06/10/2017,Halani Aulika,Mike Haley,Sam James,Rob Webber,NULL,NULL,NULL,NULL,NULL,NULL,NULL,NULL,NULL,NULL,NULL,1039,2079
27/10/2017,NULL,NULL,NULL,NULL,NULL,NULL,NULL,NULL,NULL,NULL,NULL,NULL,NULL,NULL,NULL,1095,2080
19/11/2017,Ben Curry,Mark Jennings,Jono Ross,Marland Yarde,NULL,NULL,NULL,NULL,NULL,NULL,NULL,NULL,NULL,NULL,NULL,1096,2081
25/11/2017,Ben Curry,Faf de Klerk,NULL,NULL,NULL,NULL,NULL,NULL,NULL,NULL,NULL,NULL,NULL,NULL,NULL,1097,2082
01/12/2017,Rohan Janse Van Rensburg,Mark Jennings,NULL,NULL,NULL,NULL,NULL,NULL,NULL,NULL,NULL,NULL,NULL,NULL,NULL,1040,2083
23/12/2017,Will Cliff,Byron McGuigan,James O'Connor,Josh Strauss,NULL,NULL,NULL,NULL,NULL,NULL,NULL,NULL,NULL,NULL,NULL,1041,2084
30/12/2017,AJ MacGinty,NULL,NULL,NULL,NULL,NULL,NULL,NULL,NULL,NULL,NULL,NULL,NULL,NULL,NULL,1042,2085
06/01/2018,Rohan Janse Van Rensburg,Rohan Janse Van Rensburg,NULL,Byron McGuigan,NULL,NULL,NULL,NULL,NULL,NULL,NULL,NULL,NULL,NULL,NULL,1448,2086
10/02/2018,Josh Strauss,NULL,NULL,NULL,NULL,NULL,NULL,NULL,NULL,NULL,NULL,NULL,NULL,NULL,NULL,1453,2087
16/02/2018,NULL,NULL,NULL,NULL,NULL,NULL,NULL,NULL,NULL,NULL,NULL,NULL,NULL,NULL,NULL,1454,2088
24/02/2018,Denny Solomona,Denny Solomona,Marland Yarde,NULL,NULL,NULL,NULL,NULL,NULL,NULL,NULL,NULL,NULL,NULL,NULL,1455,2089
03/03/2018,Denny Solomona,Denny Solomona,Denny Solomona,Marland Yarde,NULL,NULL,NULL,NULL,NULL,NULL,NULL,NULL,NULL,NULL,NULL,1456,2090
24/03/2018,Ben Curry,Faf de Klerk,Mike Haley,Byron McGuigan,James O'Connor,Denny Solomona,Josh Strauss,Marland Yarde,NULL,NULL,NULL,NULL,NULL,NULL,NULL,1457,2091
06/04/2018,Bryn Evans,Byron McGuigan,Rob Webber,Marland Yarde,NULL,NULL,NULL,NULL,NULL,NULL,NULL,NULL,NULL,NULL,NULL,1458,2092
13/04/2018,Ben Curry,Marland Yarde,Marland Yarde,NULL,NULL,NULL,NULL,NULL,NULL,NULL,NULL,NULL,NULL,NULL,NULL,1459,2093
28/04/2018,AJ MacGinty,AJ MacGinty,Andrei Ostrikov,NULL,NULL,NULL,NULL,NULL,NULL,NULL,NULL,NULL,NULL,NULL,NULL,1460,2094
05/05/2018,Marland Yarde,NULL,NULL,NULL,NULL,NULL,NULL,NULL,NULL,NULL,NULL,NULL,NULL,NULL,NULL,1461,2095
13/10/2017,Denny Solomona,Bryn Evans,NULL,NULL,NULL,NULL,NULL,NULL,NULL,NULL,NULL,NULL,NULL,NULL,NULL,1043,2096
20/10/2017,Denny Solomona,Sam James,Sam James,NULL,NULL,NULL,NULL,NULL,NULL,NULL,NULL,NULL,NULL,NULL,NULL,1098,2097
03/11/2017,TJ Ioane,Ben Curry,Will Cliff,NULL,NULL,NULL,NULL,NULL,NULL,NULL,NULL,NULL,NULL,NULL,NULL,1099,2098
10/11/2017,Ben Curry,Josh Strauss,Mike Haley,NULL,NULL,NULL,NULL,NULL,NULL,NULL,NULL,NULL,NULL,NULL,NULL,1044,2099
09/12/2017,Will Cliff,Joe Jones,NULL,NULL,NULL,NULL,NULL,NULL,NULL,NULL,NULL,NULL,NULL,NULL,NULL,1045,2100
17/12/2017,NULL,NULL,NULL,NULL,NULL,NULL,NULL,NULL,NULL,NULL,NULL,NULL,NULL,NULL,NULL,1100,2101
13/01/2018,Andrei Ostrikov,Josh Beaumont,NULL,NULL,NULL,NULL,NULL,NULL,NULL,NULL,NULL,NULL,NULL,NULL,NULL,1449,2102
20/01/2018,Marland Yarde,Luke James,Josh Beaumont,NULL,NULL,NULL,NULL,NULL,NULL,NULL,NULL,NULL,NULL,NULL,NULL,1450,2103
27/01/2018,Sam Moore,Luke James,Joe Jones,NULL,NULL,NULL,NULL,NULL,NULL,NULL,NULL,NULL,NULL,NULL,NULL,1451,2104
02/02/2018,Josh Charnley,Rob Webber,Ben Curry,Will Cliff,Arron Reed,Josh Strauss,Curtis Langdon,NULL,NULL,NULL,NULL,NULL,NULL,NULL,NULL,1452,2105
17/10/2015,NULL,NULL,NULL,NULL,NULL,NULL,NULL,NULL,NULL,NULL,NULL,NULL,NULL,NULL,NULL,1104,2106
23/10/2015,Danny Cipriani,David Seymour,Josh Beaumont,Johnny Leota,NULL,NULL,NULL,NULL,NULL,NULL,NULL,NULL,NULL,NULL,NULL,1105,2107
01/11/2015,Sam James,Will Addison,NULL,NULL,NULL,NULL,NULL,NULL,NULL,NULL,NULL,NULL,NULL,NULL,NULL,1106,2108
06/11/2015,Dan Braid,Sam James,NULL,NULL,NULL,NULL,NULL,NULL,NULL,NULL,NULL,NULL,NULL,NULL,NULL,1107,2109
22/12/2018,Denny Solomona,Will Cliff,NULL,NULL,NULL,NULL,NULL,NULL,NULL,NULL,NULL,NULL,NULL,NULL,NULL,1046,2110
12/01/2019,Chris Ashton,Faf de Klerk,NULL,NULL,NULL,NULL,NULL,NULL,NULL,NULL,NULL,NULL,NULL,NULL,NULL,1051,2111
29/12/2018,Chris Ashton,Faf de Klerk,Rob Webber,Denny Solomona,NULL,NULL,NULL,NULL,NULL,NULL,NULL,NULL,NULL,NULL,NULL,1047,2112
04/01/2019,Sam James,Denny Solomona,NULL,NULL,NULL,NULL,NULL,NULL,NULL,NULL,NULL,NULL,NULL,NULL,NULL,1048,2113
19/01/2019,Chris Ashton,Arron Reed,Jono Ross,Kieran Wilkinson,Tom Bristow,NULL,NULL,NULL,NULL,NULL,NULL,NULL,NULL,NULL,NULL,1052,2114
03/02/2019,Rohan Janse van Rensburg,Josh Beaumont,NULL,NULL,NULL,NULL,NULL,NULL,NULL,NULL,NULL,NULL,NULL,NULL,NULL,1050,2115
15/11/2015,James Mitchell,Jonathan Mills,NULL,NULL,NULL,NULL,NULL,NULL,NULL,NULL,NULL,NULL,NULL,NULL,NULL,1108,2116
13/04/2019,Josh Beaumont,Matt Postlethwaite,NULL,NULL,NULL,NULL,NULL,NULL,NULL,NULL,NULL,NULL,NULL,NULL,NULL,1060,2117
20/04/2019,Penalty Try,Chris Ashton,NULL,NULL,NULL,NULL,NULL,NULL,NULL,NULL,NULL,NULL,NULL,NULL,NULL,1103,2118
26/04/2019,NULL,NULL,NULL,NULL,NULL,NULL,NULL,NULL,NULL,NULL,NULL,NULL,NULL,NULL,NULL,1059,2119
03/05/2019,Denny Solomona,Faf de Klerk,NULL,NULL,NULL,NULL,NULL,NULL,NULL,NULL,NULL,NULL,NULL,NULL,NULL,1101,2120
18/05/2019,Tom Curry,Rob Webber,Sam James,Chris Ashton,Byron McGuigan,AJ MacGinty,Denny Solomona,NULL,NULL,NULL,NULL,NULL,NULL,NULL,NULL,1102,2121
21/11/2015,Brian Mujati,Mark Jennings,Sam James,Viliami Fihaki,NULL,NULL,NULL,NULL,NULL,NULL,NULL,NULL,NULL,NULL,NULL,1109,2122
28/11/2015,NULL,NULL,NULL,NULL,NULL,NULL,NULL,NULL,NULL,NULL,NULL,NULL,NULL,NULL,NULL,1110,2123
04/12/2015,Nev Edwards,Nev Edwards,NULL,NULL,NULL,NULL,NULL,NULL,NULL,NULL,NULL,NULL,NULL,NULL,NULL,1111,2124
12/12/2015,Nev Edwards,Penalty Try,NULL,NULL,NULL,NULL,NULL,NULL,NULL,NULL,NULL,NULL,NULL,NULL,NULL,1112,2125
19/12/2015,Viliami Fihaki,Neil Briggs,Johnny Leota,NULL,NULL,NULL,NULL,NULL,NULL,NULL,NULL,NULL,NULL,NULL,NULL,1113,2126
26/12/2015,Will Addison,Josh Beaumont,NULL,NULL,NULL,NULL,NULL,NULL,NULL,NULL,NULL,NULL,NULL,NULL,NULL,1114,2127
02/01/2016,NULL,NULL,NULL,NULL,NULL,NULL,NULL,NULL,NULL,NULL,NULL,NULL,NULL,NULL,NULL,1115,2128
15/01/2016,Andrei Ostrikov,Nev Edwards,Will Addison,Johnny Leota,NULL,NULL,NULL,NULL,NULL,NULL,NULL,NULL,NULL,NULL,NULL,1116,2129
21/01/2016,Brian Mujati,Penalty Try,Josh Beaumont,Nev Edwards,Mike Haley,NULL,NULL,NULL,NULL,NULL,NULL,NULL,NULL,NULL,NULL,1118,2130
30/01/2016,Brian Mujati,TJ Ioane,Sam James,Nev Edwards,Nev Edwards,Sam Tuitupou,NULL,NULL,NULL,NULL,NULL,NULL,NULL,NULL,NULL,1117,2131
13/02/2016,Johnny Leota,Nev Edwards,Mike Haley,NULL,NULL,NULL,NULL,NULL,NULL,NULL,NULL,NULL,NULL,NULL,NULL,1120,2132
20/02/2016,David Seymour,Tommy Taylor,Mike Haley,Mike Haley,NULL,NULL,NULL,NULL,NULL,NULL,NULL,NULL,NULL,NULL,NULL,1121,2133
27/02/2016,Sam James,Johnny Leota,Tom Arscott,TJ Ioane,Tom Arscott,NULL,NULL,NULL,NULL,NULL,NULL,NULL,NULL,NULL,NULL,1122,2134
05/03/2016,TJ Ioane,Will Addison,NULL,NULL,NULL,NULL,NULL,NULL,NULL,NULL,NULL,NULL,NULL,NULL,NULL,1123,2135
12/03/2016,Bryn Evans,NULL,NULL,NULL,NULL,NULL,NULL,NULL,NULL,NULL,NULL,NULL,NULL,NULL,NULL,1124,2136
17/04/2016,Vadim Cobîla,Will Addison,David Seymour,Mark Easter,NULL,NULL,NULL,NULL,NULL,NULL,NULL,NULL,NULL,NULL,NULL,1129,2137
23/04/2016,Johnny Leota,Andrei Ostrikov,TJ Ioane,Johnny Leota,NULL,NULL,NULL,NULL,NULL,NULL,NULL,NULL,NULL,NULL,NULL,1130,2138
29/04/2016,Johnny Leota,NULL,NULL,NULL,NULL,NULL,NULL,NULL,NULL,NULL,NULL,NULL,NULL,NULL,NULL,1131,2139
07/05/2016,David Seymour,Sam James,NULL,NULL,NULL,NULL,NULL,NULL,NULL,NULL,NULL,NULL,NULL,NULL,NULL,1132,2140
06/09/2014,Mark Jennings,Mark Easter,NULL,NULL,NULL,NULL,NULL,NULL,NULL,NULL,NULL,NULL,NULL,NULL,NULL,1133,2141
13/09/2014,Tom Arscott,Chris Cusiter,Luke Mclean,Danny Cipriani,NULL,NULL,NULL,NULL,NULL,NULL,NULL,NULL,NULL,NULL,NULL,1154,2142
21/09/2019,Simon Hammersley,Penalty Try,Rohan Janse van Rensburg,Chris Ashton,Akker van der Merwe,Simon Hammersley,NULL,NULL,NULL,NULL,NULL,NULL,NULL,NULL,NULL,1134,2143
28/09/2019,Dan du Preez,Jake Cooper-Woolley,Tom Roebuck,Byron McGuigan,Dan du Preez,NULL,NULL,NULL,NULL,NULL,NULL,NULL,NULL,NULL,NULL,1135,2144
05/10/2019,Akker van der Merwe,Denny Solomona,Denny Solomona,NULL,NULL,NULL,NULL,NULL,NULL,NULL,NULL,NULL,NULL,NULL,NULL,1136,2145
12/10/2019,Akker van der Merwe,Simon Hammersley,Chris Ashton,Chris Ashton,NULL,NULL,NULL,NULL,NULL,NULL,NULL,NULL,NULL,NULL,NULL,1137,2146
19/10/2019,Byron McGuigan,NULL,NULL,NULL,NULL,NULL,NULL,NULL,NULL,NULL,NULL,NULL,NULL,NULL,NULL,1138,2147
01/11/2019,Cameron Neild,NULL,NULL,NULL,NULL,NULL,NULL,NULL,NULL,NULL,NULL,NULL,NULL,NULL,NULL,1139,2148
08/11/2019,Dan du Preez,NULL,NULL,NULL,NULL,NULL,NULL,NULL,NULL,NULL,NULL,NULL,NULL,NULL,NULL,1140,2149
01/11/2014,Alberto De Marchi,Josh Beaumont,Viliami Fihaki,Charlie Ingall,NULL,NULL,NULL,NULL,NULL,NULL,NULL,NULL,NULL,NULL,NULL,1145,2150
20/09/2014,Tom Arscott,Vadim Cobîla,Tom Arscott,Tom Brady,Tom Arscott,Luke McLean,NULL,NULL,NULL,NULL,NULL,NULL,NULL,NULL,NULL,1141,2151
11/10/2014,Mark Jennings,NULL,NULL,NULL,NULL,NULL,NULL,NULL,NULL,NULL,NULL,NULL,NULL,NULL,NULL,1144,2152
18/10/2014,Magnus Lund,Johnny Leota,NULL,NULL,NULL,NULL,NULL,NULL,NULL,NULL,NULL,NULL,NULL,NULL,NULL,1443,2153
09/11/2014,Michael Paterson,NULL,NULL,NULL,NULL,NULL,NULL,NULL,NULL,NULL,NULL,NULL,NULL,NULL,NULL,1146,2154
21/11/2014,Dan Braid,NULL,NULL,NULL,NULL,NULL,NULL,NULL,NULL,NULL,NULL,NULL,NULL,NULL,NULL,1148,2155
15/11/2014,David Seymour,Penalty Try,Dan Braid,Penalty Try,Andy Forsyth,NULL,NULL,NULL,NULL,NULL,NULL,NULL,NULL,NULL,NULL,1147,2156
30/11/2014,Dan Braid,Johnny Leota,NULL,NULL,NULL,NULL,NULL,NULL,NULL,NULL,NULL,NULL,NULL,NULL,NULL,1149,2157
13/12/2014,Eifion Lewis-Roberts,Nathan Hines,NULL,NULL,NULL,NULL,NULL,NULL,NULL,NULL,NULL,NULL,NULL,NULL,NULL,1151,2158
19/12/2014,Mark Cueto,Danny Cipriani,NULL,NULL,NULL,NULL,NULL,NULL,NULL,NULL,NULL,NULL,NULL,NULL,NULL,1152,2159
27/12/2014,Chris Cusiter,Will Addison,Nathan Hines,Sam Tuitupou,NULL,NULL,NULL,NULL,NULL,NULL,NULL,NULL,NULL,NULL,NULL,1153,2160
04/01/2015,David Seymour,NULL,NULL,NULL,NULL,NULL,NULL,NULL,NULL,NULL,NULL,NULL,NULL,NULL,NULL,1444,2161
16/11/2019,Coenie Oosthuizen,NULL,NULL,NULL,NULL,NULL,NULL,NULL,NULL,NULL,NULL,NULL,NULL,NULL,NULL,1156,2162
24/11/2019,Chris Ashton,Penalty Try,Rohan Janse Van Rensburg,NULL,NULL,NULL,NULL,NULL,NULL,NULL,NULL,NULL,NULL,NULL,NULL,1466,2163
30/11/2019,Faf de Klerk,Chris Ashton,NULL,NULL,NULL,NULL,NULL,NULL,NULL,NULL,NULL,NULL,NULL,NULL,NULL,1157,2164
08/12/2019,Akker Van der Merwe,Akker Van der Merwe,Jono Ross,NULL,NULL,NULL,NULL,NULL,NULL,NULL,NULL,NULL,NULL,NULL,NULL,1158,2165
15/12/2019,Sam James,NULL,NULL,NULL,NULL,NULL,NULL,NULL,NULL,NULL,NULL,NULL,NULL,NULL,NULL,1159,2166
21/12/2019,Chris Ashton,Rohan Janse Van Rensburg,Akker van der Merwe,Akker van der Merwe,NULL,NULL,NULL,NULL,NULL,NULL,NULL,NULL,NULL,NULL,NULL,1467,2167
28/12/2019,Akker van der Merwe,Byron McGuigan,NULL,NULL,NULL,NULL,NULL,NULL,NULL,NULL,NULL,NULL,NULL,NULL,NULL,1160,2168
03/01/2020,Akker van der Merwe,Sam James,Luke James,Rob Webber,Chris Ashton,Rohan Janse Van Rensburg,NULL,NULL,NULL,NULL,NULL,NULL,NULL,NULL,NULL,1161,2169
10/01/2020,Jean Luc du Preez,Curtis Langdon,NULL,NULL,NULL,NULL,NULL,NULL,NULL,NULL,NULL,NULL,NULL,NULL,NULL,1162,2170
18/01/2020,Jake Cooper-Woolley,NULL,NULL,NULL,NULL,NULL,NULL,NULL,NULL,NULL,NULL,NULL,NULL,NULL,NULL,1163,2171
25/01/2020,Chris Ashton,Dan du Preez,Byron McGuigan,NULL,NULL,NULL,NULL,NULL,NULL,NULL,NULL,NULL,NULL,NULL,NULL,1164,2172
07/02/2020,Denny Solomona,Will Cliff,Ben Curry,Akker van der Merwe,NULL,NULL,NULL,NULL,NULL,NULL,NULL,NULL,NULL,NULL,NULL,1165,2173
16/02/2019,Penalty Try,Denny Solomona,NULL,NULL,NULL,NULL,NULL,NULL,NULL,NULL,NULL,NULL,NULL,NULL,NULL,1053,2174
23/02/2019,Rob Webber,Denny Solomona,Penalty Try,NULL,NULL,NULL,NULL,NULL,NULL,NULL,NULL,NULL,NULL,NULL,NULL,1054,2175
08/03/2019,Bryn Evans,Denny Solomona,Valery Morozov,Josh Beaumont,Faf de Klerk,Penalty Try,NULL,NULL,NULL,NULL,NULL,NULL,NULL,NULL,NULL,1056,2176
02/03/2019,Sam James,Will Cliff,NULL,NULL,NULL,NULL,NULL,NULL,NULL,NULL,NULL,NULL,NULL,NULL,NULL,1055,2177
23/03/2019,Denny Solomona,Byron McGuigan,NULL,NULL,NULL,NULL,NULL,NULL,NULL,NULL,NULL,NULL,NULL,NULL,NULL,1057,2178
29/03/2019,Byron McGuigan,Denny Solomona,NULL,NULL,NULL,NULL,NULL,NULL,NULL,NULL,NULL,NULL,NULL,NULL,NULL,1049,2179
05/04/2019,Byron McGuigan,NULL,NULL,NULL,NULL,NULL,NULL,NULL,NULL,NULL,NULL,NULL,NULL,NULL,NULL,1058,2180
27/09/2014,David Seymour,Tom Brady,Penalty Try,NULL,NULL,NULL,NULL,NULL,NULL,NULL,NULL,NULL,NULL,NULL,NULL,1142,2181
15/02/2020,Byron McGuigan,Dan du Preez,Rob du Preez,NULL,NULL,NULL,NULL,NULL,NULL,NULL,NULL,NULL,NULL,NULL,NULL,1468,2182
21/02/2020,Bryn Evans,Marland Yarde,Coenie Oosthuizen,Marland Yarde,Marland Yarde,NULL,NULL,NULL,NULL,NULL,NULL,NULL,NULL,NULL,NULL,1166,2183
28/02/2020,Luke James,Bryn Evans,Marland Yarde,NULL,NULL,NULL,NULL,NULL,NULL,NULL,NULL,NULL,NULL,NULL,NULL,1469,2184
06/03/2020,Sam James,Luke James,Rob Webber,Sam James,Marland Yarde,Byron Mcguigan,NULL,NULL,NULL,NULL,NULL,NULL,NULL,NULL,NULL,1470,2185
22/11/2009,Ben Cohen,Richard Wigglesworth,Carl Fearns,NULL,NULL,NULL,NULL,NULL,NULL,NULL,NULL,NULL,NULL,NULL,NULL,1167,2186
05/12/2009,Sisa Koyamaibole,NULL,NULL,NULL,NULL,NULL,NULL,NULL,NULL,NULL,NULL,NULL,NULL,NULL,NULL,1168,2187
30/10/2009,Lee Thomas,NULL,NULL,NULL,NULL,NULL,NULL,NULL,NULL,NULL,NULL,NULL,NULL,NULL,NULL,1169,2188
24/10/2009,James Gaskell,NULL,NULL,NULL,NULL,NULL,NULL,NULL,NULL,NULL,NULL,NULL,NULL,NULL,NULL,1170,2189
02/10/2009,Eifion Lewis-Roberts,NULL,NULL,NULL,NULL,NULL,NULL,NULL,NULL,NULL,NULL,NULL,NULL,NULL,NULL,1171,2190
04/09/2009,NULL,NULL,NULL,NULL,NULL,NULL,NULL,NULL,NULL,NULL,NULL,NULL,NULL,NULL,NULL,1172,2191
13/09/2009,Mark Cueto,NULL,NULL,NULL,NULL,NULL,NULL,NULL,NULL,NULL,NULL,NULL,NULL,NULL,NULL,1174,2192
18/09/2009,NULL,NULL,NULL,NULL,NULL,NULL,NULL,NULL,NULL,NULL,NULL,NULL,NULL,NULL,NULL,1173,2193
26/09/2009,Chris Bell,Mathew Tait,NULL,NULL,NULL,NULL,NULL,NULL,NULL,NULL,NULL,NULL,NULL,NULL,NULL,1175,2194
14/02/2010,Gavin Kerr,NULL,NULL,NULL,NULL,NULL,NULL,NULL,NULL,NULL,NULL,NULL,NULL,NULL,NULL,1176,2195
19/02/2010,Kris Ormsby,NULL,NULL,NULL,NULL,NULL,NULL,NULL,NULL,NULL,NULL,NULL,NULL,NULL,NULL,1177,2196
27/02/2010,NULL,NULL,NULL,NULL,NULL,NULL,NULL,NULL,NULL,NULL,NULL,NULL,NULL,NULL,NULL,1178,2197
07/03/2010,Ben Cohen,NULL,NULL,NULL,NULL,NULL,NULL,NULL,NULL,NULL,NULL,NULL,NULL,NULL,NULL,1179,2198
19/03/2010,Richard Wigglesworth,NULL,NULL,NULL,NULL,NULL,NULL,NULL,NULL,NULL,NULL,NULL,NULL,NULL,NULL,1180,2199
28/03/2010,NULL,NULL,NULL,NULL,NULL,NULL,NULL,NULL,NULL,NULL,NULL,NULL,NULL,NULL,NULL,1181,2200
02/04/2010,Mark Cueto,NULL,NULL,NULL,NULL,NULL,NULL,NULL,NULL,NULL,NULL,NULL,NULL,NULL,NULL,1182,2201
17/04/2010,Ben Cohen,Kris Ormsby,NULL,NULL,NULL,NULL,NULL,NULL,NULL,NULL,NULL,NULL,NULL,NULL,NULL,1183,2202
23/04/2010,Marika Vakacegu,Kris Ormsby,NULL,NULL,NULL,NULL,NULL,NULL,NULL,NULL,NULL,NULL,NULL,NULL,NULL,1184,2203
08/05/2010,Sisa Koyamaibole,Mathew Tait,NULL,NULL,NULL,NULL,NULL,NULL,NULL,NULL,NULL,NULL,NULL,NULL,NULL,1185,2204
03/09/2010,Sisa Koyamaibole,Tom Brady,NULL,NULL,NULL,NULL,NULL,NULL,NULL,NULL,NULL,NULL,NULL,NULL,NULL,1186,2205
12/09/2010,David Seymour,NULL,NULL,NULL,NULL,NULL,NULL,NULL,NULL,NULL,NULL,NULL,NULL,NULL,NULL,1187,2206
17/09/2010,Mark Cueto,Kyle Tonetti,NULL,NULL,NULL,NULL,NULL,NULL,NULL,NULL,NULL,NULL,NULL,NULL,NULL,1188,2207
25/09/2010,Wame Lewaravu,NULL,NULL,NULL,NULL,NULL,NULL,NULL,NULL,NULL,NULL,NULL,NULL,NULL,NULL,1189,2208
01/10/2010,NULL,NULL,NULL,NULL,NULL,NULL,NULL,NULL,NULL,NULL,NULL,NULL,NULL,NULL,NULL,1190,2209
22/10/2010,NULL,NULL,NULL,NULL,NULL,NULL,NULL,NULL,NULL,NULL,NULL,NULL,NULL,NULL,NULL,1191,2210
09/04/2010,Sisa Koyamaibole,NULL,NULL,NULL,NULL,NULL,NULL,NULL,NULL,NULL,NULL,NULL,NULL,NULL,NULL,1192,2211
11/10/2009,Rob O'Donnell,Ben Cohen,NULL,NULL,NULL,NULL,NULL,NULL,NULL,NULL,NULL,NULL,NULL,NULL,NULL,1193,2212
16/10/2009,Sisa Koyamaibole,Dean Schofield,James Gaskell,NULL,NULL,NULL,NULL,NULL,NULL,NULL,NULL,NULL,NULL,NULL,NULL,1194,2213
06/11/2009,NULL,NULL,NULL,NULL,NULL,NULL,NULL,NULL,NULL,NULL,NULL,NULL,NULL,NULL,NULL,1195,2214
13/11/2009,Marika Vakacegu,Oriol Ripol Fortuny,Rob O'Donnell,David Seymour,NULL,NULL,NULL,NULL,NULL,NULL,NULL,NULL,NULL,NULL,NULL,1196,2215
11/02/2011,Ben Cohen,NULL,NULL,NULL,NULL,NULL,NULL,NULL,NULL,NULL,NULL,NULL,NULL,NULL,NULL,1197,2216
03/09/2011,NULL,NULL,NULL,NULL,NULL,NULL,NULL,NULL,NULL,NULL,NULL,NULL,NULL,NULL,NULL,1207,2217
09/09/2011,Henry Thomas,James Gaskell,Dwayne Peel,NULL,NULL,NULL,NULL,NULL,NULL,NULL,NULL,NULL,NULL,NULL,NULL,1208,2218
17/09/2011,Fraser McKenzie,David Seymour,NULL,NULL,NULL,NULL,NULL,NULL,NULL,NULL,NULL,NULL,NULL,NULL,NULL,1209,2219
12/11/2011,Tom Brady,Johnny Leota,NULL,NULL,NULL,NULL,NULL,NULL,NULL,NULL,NULL,NULL,NULL,NULL,NULL,1211,2220
21/10/2011,Will Addison,Alasdair Dickinson,Johnny Leota,NULL,NULL,NULL,NULL,NULL,NULL,NULL,NULL,NULL,NULL,NULL,NULL,1212,2221
18/11/2011,Penalty Try,Andy Powell,Andrew Higgins,Johnny Leota,Luther Burrell,Cillian Willis,Richie Vernon,Johnny Leota,Johnny Leota,NULL,NULL,NULL,NULL,NULL,NULL,1238,2222
08/12/2011,James Gaskell,Marc Jones,Richie Vernon,Luther Burrell,NULL,NULL,NULL,NULL,NULL,NULL,NULL,NULL,NULL,NULL,NULL,1213,2223
18/12/2011,Tom Brady,David Seymour,Tom Brady,Cillian Willis,Scott Mathie,NULL,NULL,NULL,NULL,NULL,NULL,NULL,NULL,NULL,NULL,1214,2224
23/09/2011,Mark Easter,David Seymour,Dwayne Peel,NULL,NULL,NULL,NULL,NULL,NULL,NULL,NULL,NULL,NULL,NULL,NULL,1215,2225
01/10/2011,Rob Miller,Joaquín Tuculet,Dwayne Peel,Rob Miller,Tom Brady,Vadim Cobîla,NULL,NULL,NULL,NULL,NULL,NULL,NULL,NULL,NULL,1216,2226
08/10/2011,David Seymour,NULL,NULL,NULL,NULL,NULL,NULL,NULL,NULL,NULL,NULL,NULL,NULL,NULL,NULL,1217,2227
28/10/2011,Tom Brady,NULL,NULL,NULL,NULL,NULL,NULL,NULL,NULL,NULL,NULL,NULL,NULL,NULL,NULL,1218,2228
06/11/2011,Rob Miller,Mark Easter,NULL,NULL,NULL,NULL,NULL,NULL,NULL,NULL,NULL,NULL,NULL,NULL,NULL,1219,2229
25/11/2011,Henry Thomas,Sam Tuitupou,NULL,NULL,NULL,NULL,NULL,NULL,NULL,NULL,NULL,NULL,NULL,NULL,NULL,1220,2230
03/12/2011,Mark Cueto,NULL,NULL,NULL,NULL,NULL,NULL,NULL,NULL,NULL,NULL,NULL,NULL,NULL,NULL,1221,2231
26/12/2011,Tom Brady,Mark Cueto,NULL,NULL,NULL,NULL,NULL,NULL,NULL,NULL,NULL,NULL,NULL,NULL,NULL,1222,2232
14/01/2012,Tom Brady,Joaquín Tuculet,Joe Ward,Rob Miller,Richie Vernon,Will Cliff,Rob Miller,Tom Brady,Scott Mathie,Richie Vernon,Jordan Davies,NULL,NULL,NULL,NULL,1223,2233
19/01/2012,NULL,NULL,NULL,NULL,NULL,NULL,NULL,NULL,NULL,NULL,NULL,NULL,NULL,NULL,NULL,1224,2234
29/01/2012,Nick Macleod,NULL,NULL,NULL,NULL,NULL,NULL,NULL,NULL,NULL,NULL,NULL,NULL,NULL,NULL,1225,2235
04/02/2012,Hendre Foure,NULL,NULL,NULL,NULL,NULL,NULL,NULL,NULL,NULL,NULL,NULL,NULL,NULL,NULL,1226,2236
01/01/2012,Fraser McKenzie,Rob Miller,NULL,NULL,NULL,NULL,NULL,NULL,NULL,NULL,NULL,NULL,NULL,NULL,NULL,1227,2237
08/01/2012,Rob Miller,NULL,NULL,NULL,NULL,NULL,NULL,NULL,NULL,NULL,NULL,NULL,NULL,NULL,NULL,1228,2238
10/02/2012,NULL,NULL,NULL,NULL,NULL,NULL,NULL,NULL,NULL,NULL,NULL,NULL,NULL,NULL,NULL,1229,2239
21/09/2012,Tom Brady,NULL,NULL,NULL,NULL,NULL,NULL,NULL,NULL,NULL,NULL,NULL,NULL,NULL,NULL,1242,2240
29/09/2012,Johnny Leota,NULL,NULL,NULL,NULL,NULL,NULL,NULL,NULL,NULL,NULL,NULL,NULL,NULL,NULL,1243,2241
08/09/2012,Will Addison,NULL,NULL,NULL,NULL,NULL,NULL,NULL,NULL,NULL,NULL,NULL,NULL,NULL,NULL,1239,2242
05/10/2012,Rob Miller,NULL,NULL,NULL,NULL,NULL,NULL,NULL,NULL,NULL,NULL,NULL,NULL,NULL,NULL,1244,2243
14/10/2012,Danny Cipriani,Mark Jennings,Tony Buckley,NULL,NULL,NULL,NULL,NULL,NULL,NULL,NULL,NULL,NULL,NULL,NULL,1245,2244
21/10/2012,Mark Cueto,Richie Vernon,NULL,NULL,NULL,NULL,NULL,NULL,NULL,NULL,NULL,NULL,NULL,NULL,NULL,1246,2245
26/10/2012,Mark Cueto,Nick Macleod,NULL,NULL,NULL,NULL,NULL,NULL,NULL,NULL,NULL,NULL,NULL,NULL,NULL,1247,2246
02/11/2012,Nick Macleod,Johnny Leota,NULL,NULL,NULL,NULL,NULL,NULL,NULL,NULL,NULL,NULL,NULL,NULL,NULL,1248,2247
11/11/2012,Dwayne Peel,Danny Cipriani,Charlie Amesbury,NULL,NULL,NULL,NULL,NULL,NULL,NULL,NULL,NULL,NULL,NULL,NULL,1249,2248
06/02/2016,Josh Beaumont,NULL,NULL,NULL,NULL,NULL,NULL,NULL,NULL,NULL,NULL,NULL,NULL,NULL,NULL,1119,2249
20/03/2016,David Seymour,Neil Briggs,NULL,NULL,NULL,NULL,NULL,NULL,NULL,NULL,NULL,NULL,NULL,NULL,NULL,1125,2250
27/03/2016,Cameron Neild,Nev Edwards,Danny Cipriani,NULL,NULL,NULL,NULL,NULL,NULL,NULL,NULL,NULL,NULL,NULL,NULL,1126,2251
02/04/2016,Mike Haley,TJ Ioane,Danny Cipriani,NULL,NULL,NULL,NULL,NULL,NULL,NULL,NULL,NULL,NULL,NULL,NULL,1127,2252
08/04/2016,Tom Brady,Sam James,NULL,NULL,NULL,NULL,NULL,NULL,NULL,NULL,NULL,NULL,NULL,NULL,NULL,1128,2253
01/09/2012,NULL,NULL,NULL,NULL,NULL,NULL,NULL,NULL,NULL,NULL,NULL,NULL,NULL,NULL,NULL,1240,2254
15/09/2012,Richie Vernon,NULL,NULL,NULL,NULL,NULL,NULL,NULL,NULL,NULL,NULL,NULL,NULL,NULL,NULL,1241,2255
16/11/2012,Mark Cueto,Penalty Try,Fraser McKenzie,NULL,NULL,NULL,NULL,NULL,NULL,NULL,NULL,NULL,NULL,NULL,NULL,1250,2256
24/11/2012,Rob Miller,Tommy Taylor,NULL,NULL,NULL,NULL,NULL,NULL,NULL,NULL,NULL,NULL,NULL,NULL,NULL,1251,2257
30/11/2012,Rob Miller,Tommy Taylor,NULL,NULL,NULL,NULL,NULL,NULL,NULL,NULL,NULL,NULL,NULL,NULL,NULL,1252,2258
08/12/2012,NULL,NULL,NULL,NULL,NULL,NULL,NULL,NULL,NULL,NULL,NULL,NULL,NULL,NULL,NULL,1253,2259
16/12/2012,NULL,NULL,NULL,NULL,NULL,NULL,NULL,NULL,NULL,NULL,NULL,NULL,NULL,NULL,NULL,1254,2260
23/12/2012,Richie Vernon,Johnny Leota,NULL,NULL,NULL,NULL,NULL,NULL,NULL,NULL,NULL,NULL,NULL,NULL,NULL,1255,2261
28/12/2012,NULL,NULL,NULL,NULL,NULL,NULL,NULL,NULL,NULL,NULL,NULL,NULL,NULL,NULL,NULL,1256,2262
06/01/2013,NULL,NULL,NULL,NULL,NULL,NULL,NULL,NULL,NULL,NULL,NULL,NULL,NULL,NULL,NULL,1270,2263
11/01/2013,NULL,NULL,NULL,NULL,NULL,NULL,NULL,NULL,NULL,NULL,NULL,NULL,NULL,NULL,NULL,1257,2264
07/09/2013,Mark Cueto,Andy Forsyth,NULL,NULL,NULL,NULL,NULL,NULL,NULL,NULL,NULL,NULL,NULL,NULL,NULL,1271,2265
13/09/2013,Dan Braid,NULL,NULL,NULL,NULL,NULL,NULL,NULL,NULL,NULL,NULL,NULL,NULL,NULL,NULL,1272,2266
20/09/2013,Mark Cueto,Danny Cipriani,NULL,NULL,NULL,NULL,NULL,NULL,NULL,NULL,NULL,NULL,NULL,NULL,NULL,1273,2267
27/09/2013,Mark Cueto,Marc Jones,NULL,NULL,NULL,NULL,NULL,NULL,NULL,NULL,NULL,NULL,NULL,NULL,NULL,1274,2268
04/10/2013,Andy Forsyth,NULL,NULL,NULL,NULL,NULL,NULL,NULL,NULL,NULL,NULL,NULL,NULL,NULL,NULL,1275,2269
10/10/2013,Andrei Ostrikov,Penalty Try,Penalty Try,NULL,NULL,NULL,NULL,NULL,NULL,NULL,NULL,NULL,NULL,NULL,NULL,1276,2270
19/10/2013,Rob Miller,Penalty Try,Dwayne Peel,Mark Easter,NULL,NULL,NULL,NULL,NULL,NULL,NULL,NULL,NULL,NULL,NULL,1277,2271
26/10/2013,NULL,NULL,NULL,NULL,NULL,NULL,NULL,NULL,NULL,NULL,NULL,NULL,NULL,NULL,NULL,1278,2272
01/11/2013,Mark Cueto,NULL,NULL,NULL,NULL,NULL,NULL,NULL,NULL,NULL,NULL,NULL,NULL,NULL,NULL,1279,2273
08/11/2013,Michael Paterson,Mike Haley,NULL,NULL,NULL,NULL,NULL,NULL,NULL,NULL,NULL,NULL,NULL,NULL,NULL,1280,2274
15/11/2013,David Seymour,Rob Miller,James Gaskell,Danny Cipriani,NULL,NULL,NULL,NULL,NULL,NULL,NULL,NULL,NULL,NULL,NULL,1281,2275
25/01/2014,Mark Easter,Charlie Ingall,NULL,NULL,NULL,NULL,NULL,NULL,NULL,NULL,NULL,NULL,NULL,NULL,NULL,1282,2276
31/01/2014,Viliami Fihaki,Viliami Fihaki,Tom Holmes,Charlie Ingall,Mike Haley,NULL,NULL,NULL,NULL,NULL,NULL,NULL,NULL,NULL,NULL,1283,2277
05/12/2013,Phil Mackenzie,NULL,NULL,NULL,NULL,NULL,NULL,NULL,NULL,NULL,NULL,NULL,NULL,NULL,NULL,1284,2278
13/12/2013,James Gaskell,Danny Cipriani,Danny Cipriani,Dan Braid,Mark Cueto,Rob Miller,Michael Paterson,NULL,NULL,NULL,NULL,NULL,NULL,NULL,NULL,1285,2279
10/01/2014,Dwayne Peel,Jonathan Mills,Sam Tuitupou,NULL,NULL,NULL,NULL,NULL,NULL,NULL,NULL,NULL,NULL,NULL,NULL,1286,2280
18/01/2014,NULL,NULL,NULL,NULL,NULL,NULL,NULL,NULL,NULL,NULL,NULL,NULL,NULL,NULL,NULL,1287,2281
03/04/2014,Henry Thomas,Viliami Fihaki,NULL,NULL,NULL,NULL,NULL,NULL,NULL,NULL,NULL,NULL,NULL,NULL,NULL,1288,2282
22/11/2013,Mark Cueto,James Gaskell,Dan Braid,Tom Arscott,NULL,NULL,NULL,NULL,NULL,NULL,NULL,NULL,NULL,NULL,NULL,1289,2283
30/11/2013,Danny Cipriani,NULL,NULL,NULL,NULL,NULL,NULL,NULL,NULL,NULL,NULL,NULL,NULL,NULL,NULL,1290,2284
20/12/2013,Tom Brady,David Seymour,NULL,NULL,NULL,NULL,NULL,NULL,NULL,NULL,NULL,NULL,NULL,NULL,NULL,1291,2285
28/12/2013,Mark Cueto,Charlie Ingall,NULL,NULL,NULL,NULL,NULL,NULL,NULL,NULL,NULL,NULL,NULL,NULL,NULL,1292,2286
03/01/2014,Tom Brady,NULL,NULL,NULL,NULL,NULL,NULL,NULL,NULL,NULL,NULL,NULL,NULL,NULL,NULL,1293,2287
07/02/2014,Rob Miller,Rob Miller,Dan Braid,NULL,NULL,NULL,NULL,NULL,NULL,NULL,NULL,NULL,NULL,NULL,NULL,1294,2288
14/02/2014,Marc Jones,NULL,NULL,NULL,NULL,NULL,NULL,NULL,NULL,NULL,NULL,NULL,NULL,NULL,NULL,1295,2289
19/02/2011,NULL,NULL,NULL,NULL,NULL,NULL,NULL,NULL,NULL,NULL,NULL,NULL,NULL,NULL,NULL,1198,2290
25/02/2011,Chris Bell,NULL,NULL,NULL,NULL,NULL,NULL,NULL,NULL,NULL,NULL,NULL,NULL,NULL,NULL,1199,2291
06/03/2011,Ben Cohen,Wame Lewaravu,NULL,NULL,NULL,NULL,NULL,NULL,NULL,NULL,NULL,NULL,NULL,NULL,NULL,1200,2292
25/03/2011,NULL,NULL,NULL,NULL,NULL,NULL,NULL,NULL,NULL,NULL,NULL,NULL,NULL,NULL,NULL,1201,2293
08/04/2011,Paul Williams,Paul Williams,Will Addison,Charlie Hodgson,NULL,NULL,NULL,NULL,NULL,NULL,NULL,NULL,NULL,NULL,NULL,1202,2294
02/04/2011,Marc Jones,Wame Lewaravu,NULL,NULL,NULL,NULL,NULL,NULL,NULL,NULL,NULL,NULL,NULL,NULL,NULL,1203,2295
16/04/2011,Sean Cox,Wame Lewaravu,Will Addison,Charlie Hodgson,NULL,NULL,NULL,NULL,NULL,NULL,NULL,NULL,NULL,NULL,NULL,1204,2296
22/04/2011,Chris Bell,Wame Lewaravu,Will Addison,NULL,NULL,NULL,NULL,NULL,NULL,NULL,NULL,NULL,NULL,NULL,NULL,1205,2297
07/05/2011,Neil Briggs,Neil McMillan,NULL,NULL,NULL,NULL,NULL,NULL,NULL,NULL,NULL,NULL,NULL,NULL,NULL,1206,2298
15/10/2011,Richie Vernon,Andrew Higgins,Rob Miller,NULL,NULL,NULL,NULL,NULL,NULL,NULL,NULL,NULL,NULL,NULL,NULL,1210,2299
18/02/2012,Mark Cueto,NULL,NULL,NULL,NULL,NULL,NULL,NULL,NULL,NULL,NULL,NULL,NULL,NULL,NULL,1230,2300
24/02/2012,Sam Tuitupou,Sam Tuitupou,Dwayne Peel,Andy Powell,Rob Miller,Johnny Leota,NULL,NULL,NULL,NULL,NULL,NULL,NULL,NULL,NULL,1231,2301
03/03/2012,Luther Burrell,Tony Buckley,NULL,NULL,NULL,NULL,NULL,NULL,NULL,NULL,NULL,NULL,NULL,NULL,NULL,1232,2302
23/03/2012,NULL,NULL,NULL,NULL,NULL,NULL,NULL,NULL,NULL,NULL,NULL,NULL,NULL,NULL,NULL,1233,2303
30/03/2012,Tom Brady,James Gaskell,Rob Miller,NULL,NULL,NULL,NULL,NULL,NULL,NULL,NULL,NULL,NULL,NULL,NULL,1234,2304
13/04/2012,Rob Miller,NULL,NULL,NULL,NULL,NULL,NULL,NULL,NULL,NULL,NULL,NULL,NULL,NULL,NULL,1235,2305
21/04/2012,Rob Miller,Rob Miller,NULL,NULL,NULL,NULL,NULL,NULL,NULL,NULL,NULL,NULL,NULL,NULL,NULL,1236,2306
05/05/2012,Will Addison,NULL,NULL,NULL,NULL,NULL,NULL,NULL,NULL,NULL,NULL,NULL,NULL,NULL,NULL,1237,2307
19/01/2013,Tommy Taylor,Aston Croall,NULL,NULL,NULL,NULL,NULL,NULL,NULL,NULL,NULL,NULL,NULL,NULL,NULL,1440,2308
26/01/2013,Richie Vernon,Charlie Amesbury,Danny Cipriani,Charlie Ingall,NULL,NULL,NULL,NULL,NULL,NULL,NULL,NULL,NULL,NULL,NULL,1258,2309
02/02/2013,Penalty Try,Kearnan Myall,Sam Tuitupou,Tommy Taylor,Danny Cipriani,NULL,NULL,NULL,NULL,NULL,NULL,NULL,NULL,NULL,NULL,1259,2310
08/02/2013,Dan Braid,Mark Cueto,NULL,NULL,NULL,NULL,NULL,NULL,NULL,NULL,NULL,NULL,NULL,NULL,NULL,1262,2311
10/03/2013,Tom Holmes,Nathan Fowles,NULL,NULL,NULL,NULL,NULL,NULL,NULL,NULL,NULL,NULL,NULL,NULL,NULL,1260,2312
17/03/2013,Johnny Leota,NULL,NULL,NULL,NULL,NULL,NULL,NULL,NULL,NULL,NULL,NULL,NULL,NULL,NULL,1261,2313
17/02/2013,Will Cliff,Dan Braid,NULL,NULL,NULL,NULL,NULL,NULL,NULL,NULL,NULL,NULL,NULL,NULL,NULL,1263,2314
22/02/2013,Cameron Shepherd,Richie Vernon,Sam Tuitupou,NULL,NULL,NULL,NULL,NULL,NULL,NULL,NULL,NULL,NULL,NULL,NULL,1264,2315
02/03/2013,Andy Powell,NULL,NULL,NULL,NULL,NULL,NULL,NULL,NULL,NULL,NULL,NULL,NULL,NULL,NULL,1265,2316
22/03/2013,Tom Brady,NULL,NULL,NULL,NULL,NULL,NULL,NULL,NULL,NULL,NULL,NULL,NULL,NULL,NULL,1442,2317
31/03/2013,Henry Thomas,Mark Cueto,Kearnan Myall,James Gaskell,NULL,NULL,NULL,NULL,NULL,NULL,NULL,NULL,NULL,NULL,NULL,1266,2318
12/04/2013,Johnny Leota,Dwayne Peel,Dwayne Peel,Mark Cueto,Cameron Shepherd,NULL,NULL,NULL,NULL,NULL,NULL,NULL,NULL,NULL,NULL,1267,2319
20/04/2013,James Gaskell,NULL,NULL,NULL,NULL,NULL,NULL,NULL,NULL,NULL,NULL,NULL,NULL,NULL,NULL,1268,2320
04/05/2013,Tom Brady,Dan Braid,NULL,NULL,NULL,NULL,NULL,NULL,NULL,NULL,NULL,NULL,NULL,NULL,NULL,1269,2321
22/02/2014,Mark Cueto,Dan Braid,NULL,NULL,NULL,NULL,NULL,NULL,NULL,NULL,NULL,NULL,NULL,NULL,NULL,1296,2322
01/03/2014,Johnny Leota,Dan Braid,NULL,NULL,NULL,NULL,NULL,NULL,NULL,NULL,NULL,NULL,NULL,NULL,NULL,1297,2323
22/03/2014,Mark Cueto,Marc Jones,Tom Brady,NULL,NULL,NULL,NULL,NULL,NULL,NULL,NULL,NULL,NULL,NULL,NULL,1298,2324
28/03/2014,NULL,NULL,NULL,NULL,NULL,NULL,NULL,NULL,NULL,NULL,NULL,NULL,NULL,NULL,NULL,1299,2325
11/04/2014,Tom Brady,Penalty Try,NULL,NULL,NULL,NULL,NULL,NULL,NULL,NULL,NULL,NULL,NULL,NULL,NULL,1300,2326
19/04/2014,Michael Paterson,Tom Arscott,Sam Tuitupou,Sam Tuitupou,Dwayne Peel,David Seymour,Tom Brady,Andrei Ostrikov,NULL,NULL,NULL,NULL,NULL,NULL,NULL,1301,2327
03/05/2014,Michael Paterson,Henry Thomas,Johnny Leota,NULL,NULL,NULL,NULL,NULL,NULL,NULL,NULL,NULL,NULL,NULL,NULL,1302,2328
10/05/2014,Tom Arscott,Mark Easter,NULL,NULL,NULL,NULL,NULL,NULL,NULL,NULL,NULL,NULL,NULL,NULL,NULL,1303,2329
01/02/2015,Viliami Fihaki,NULL,NULL,NULL,NULL,NULL,NULL,NULL,NULL,NULL,NULL,NULL,NULL,NULL,NULL,1304,2330
07/02/2015,Dan Braid,Mike Haley,Tom Arscott,Tom Arscott,Tom Brady,Viliami Fihaki,NULL,NULL,NULL,NULL,NULL,NULL,NULL,NULL,NULL,1305,2331
15/02/2015,Tommy Taylor,Mike Haley,Tom Arscott,Tom Arscott,Tommy Taylor,Will Addison,Will Addison,Mark Cueto,NULL,NULL,NULL,NULL,NULL,NULL,NULL,1306,2332
21/02/2015,Sam Tuitupou,Jonathan Mills,NULL,NULL,NULL,NULL,NULL,NULL,NULL,NULL,NULL,NULL,NULL,NULL,NULL,1307,2333
28/02/2015,Tom Arscott,NULL,NULL,NULL,NULL,NULL,NULL,NULL,NULL,NULL,NULL,NULL,NULL,NULL,NULL,1308,2334
06/03/2015,NULL,NULL,NULL,NULL,NULL,NULL,NULL,NULL,NULL,NULL,NULL,NULL,NULL,NULL,NULL,1309,2335
29/03/2015,Johnny Leota,Josh Beaumont,NULL,NULL,NULL,NULL,NULL,NULL,NULL,NULL,NULL,NULL,NULL,NULL,NULL,1310,2336
12/04/2015,Tom Arscott,Tom Arscott,Mike Haley,NULL,NULL,NULL,NULL,NULL,NULL,NULL,NULL,NULL,NULL,NULL,NULL,1311,2337
25/04/2015,Tom Arscott,Tom Arscott,Mark Cueto,NULL,NULL,NULL,NULL,NULL,NULL,NULL,NULL,NULL,NULL,NULL,NULL,1312,2338
09/05/2015,Chris Cusiter,Sam Tuitupou,Mark Cueto,David Seymour,TJ Ioane,NULL,NULL,NULL,NULL,NULL,NULL,NULL,NULL,NULL,NULL,1313,2339
16/05/2015,Josh Beaumont,Josh Beaumont,NULL,NULL,NULL,NULL,NULL,NULL,NULL,NULL,NULL,NULL,NULL,NULL,NULL,1314,2340
05/10/2014,NULL,NULL,NULL,NULL,NULL,NULL,NULL,NULL,NULL,NULL,NULL,NULL,NULL,NULL,NULL,1143,2341
26/10/2014,NULL,NULL,NULL,NULL,NULL,NULL,NULL,NULL,NULL,NULL,NULL,NULL,NULL,NULL,NULL,1155,2342
10/01/2015,Eifion Lewis-Roberts,Dan Braid, , , , , , , , , , , , , ,1445,2343
17/01/2015,Penalty, , , , , , , , , , , , , , ,1446,2344
25/01/2015,Tom Arscott, , , , , , , , , , , , , , ,1447,2345
26/10/2019,Akker van der Merwe,Denny Solomona,Marland Yarde,Josh Beaumont,Rob du Preez,Rohan Janse van Rensburg, , , , , , , , , ,1465,2346
02/09/2005,Mark Cueto,Charlie Hodgson, , , , , , , , , , , , , ,1471,2347
10/09/2005,Mark Cueto,Sebastien Chabal, , , , , , , , , , , , , ,1472,2348
16/09/2005,Mark Cueto,Sebastien Chabal,Daniel Larrechea,Jason Robinson, , , , , , , , , , , ,1473,2349
25/09/2005,Mark Cueto,Sebastien Chabal,Elvis Seveali'i,Elvis Seveali'i, , , , , , , , , , , ,1474,2350
14/10/2005, , , , , , , , , , , , , , , ,1475,2351
05/11/2005,Valentin Courrent, , , , , , , , , , , , , , ,1476,2352
11/11/2005,Jason Robinson,Jason Robinson, , , , , , , , , , , , , ,1477,2353
18/11/2005,Magnus Lund,Mark Taylor, , , , , , , , , , , , , ,1478,2354
27/11/2005,Sililo Martens,Dean Schofield, , , , , , , , , , , , , ,1479,2355
26/12/2005,Sebastien Bruno,Ignacio Fernandez Lobbe,Chris Mayor, , , , , , , , , , , , ,1480,2356
02/01/2006,Magnus Lund,Elvis Seveali'i, , , , , , , , , , , , , ,1481,2357
08/01/2006,Sililo Martens, , , , , , , , , , , , , , ,1484,2358
28/01/2006,Chris Jones,Dean Schofield, , , , , , , , , , , , , ,1486,2360
11/02/2006,Valentin Courrent,Steve Hanley,Oriol Ripol Fortuny,Sililo Martens,Dean Schofield,Andy Titterrell, , , , , , , , , ,1487,2361
17/02/2006,Magnus Lund,Chris Mayor,Chris Mayor,Richard Wigglesworth, , , , , , , , , , , ,1488,2362
26/02/2006,Robert Todd, , , , , , , , , , , , , , ,1489,2363
10/03/2006, , , , , , , , , , , , , , , ,1490,2364
25/03/2006,Steve Hanley,Steve Hanley,Andy Titterrell, , , , , , , , , , , , ,1491,2365
08/04/2006, , , , , , , , , , , , , , , ,1492,2366
16/04/2006,Ignacio Fernandez Lobbe,Oriol Ripol Fortuny, , , , , , , , , , , , , ,1493,2367
28/04/2006,Mark Cueto,Charlie Hodgson,Chris Jones,Chris Mayor, , , , , , , , , , , ,1494,2368
06/05/2006,Valentin Courrent,Ignacio Fernandez Lobbe,Ben Foden,Steve Hanley,Oriol Ripol Fortuny, , , , , , , , , , ,1495,2369
14/05/2006,Jason Robinson, , , , , , , , , , , , , , ,1496,2370
27/05/2006,Mark Cueto,Magnus Lund,Chris Mayor,Oriol Ripol Fortuny, , , , , , , , , , , ,1497,2371
02/10/2005, , , , , , , , , , , , , , , ,2497,3371
07/10/2005,Robert Todd,Oriol Ripol Fortuny,Oriol Ripol Fortuny,Oriol Ripol Fortuny,Lionel Faure,Sebastian Bruno,Steve Hanley, , , , , , , , ,2498,3372
02/12/2005,Chris Mayor,Elvis Seveali'i, , , , , , , , , , , , , ,2499,3373
21/10/2005,Sililo Martens,Jason Robinson, , , , , , , , , , , , , ,2500,3374
28/10/2005,Charlie Hodgson,Mark Cueto,Ignacio Fernandez Lobbe,Elvis Seveali'i, , , , , , , , , , , ,2501,3375
09/12/2005,Jason Robinson,Jason White, , , , , , , , , , , , , ,2502,3376
16/12/2005,Sebastien Chabal,Sebastien Chabal,Jason Robinson,Robert Todd, , , , , , , , , , , ,2503,3377
15/01/2006,Sebastien Chabal,Mark Cueto,Mark Cueto,Charlie Hodgson, , , , , , , , , , , ,2504,3378
21/01/2006, , , , , , , , , , , , , , , ,2505,3379
02/04/2006, , , , , , , , , , , , , , , ,2506,3380
07/09/2008,Charlie Hodgson, , , , , , , , , , , , , , ,2507,3381
12/09/2008, , , , , , , , , , , , , , , ,2508,3382
19/09/2008, , , , , , , , , , , , , , , ,2509,3383
26/09/2008,Sebastien Chabal,David Doherty, , , , , , , , , , , , , ,2512,3386
01/10/2008, , , , , , , , , , , , , , , ,2513,3387
14/11/2008, , , , , , , , , , , , , , , ,2514,3388
23/11/2008,Mark Cueto, , , , , , , , , , , , , , ,2515,3389
28/11/2008,Mark Cueto,Mathew Tait,Rory Lamont, , , , , , , , , , , , ,2516,3390
20/12/2008,Mark Cueto,Luke McAlister,Mark Cueto, , , , , , , , , , , , ,2517,3391
14/08/2020,Byron McGuigan, , , , , , , , , , , , , , ,3509,4383
21/08/2020,Tom Curry,Rob Du Preez,Denny Solomona, , , , , , , , , , , , ,3510,4384
25/08/2020,Luke James, , , , , , , , , , , , , , ,3511,4385
29/08/2020,Luke James,Denny Solomona,Faf de Klerk,Sam James,Luke James,Marland Yarde, , , , , , , , , ,NULL,4386
26/12/2008,Juan Martin Fernandez Lobbe,Juan Martin Fernandez Lobbe,Mark Cueto,Charlie Hodgson, , , , , , , , , , , ,2518,4388
09/01/2009,Mark Cueto, , , , , , , , , , , , , , ,2519,4389
03/01/2009,Dean Schofield,Dean Schofield,Lee Thomas, , , , , , , , , , , , ,2523,4390
03/08/2009,Neil Briggs, , , , , , , , , , , , , , ,2524,4391
04/04/2009,Mark Cueto,Mark Cueto,Neil Briggs, , , , , , , , , , , , ,2528,4392
31/01/2009,Chris Jones,Oriol Ripol Fortuny,Neil Briggs,Chris Bell, , , , , , , , , , , ,2520,4396
14/02/2009,Lee Thomas,Charlie Hodgson, , , , , , , , , , , , , ,2521,4397
20/02/2009,Eifion Lewis-Roberts,Juan Martin Fernandez Lobbe,Nick Macleod,Neil Briggs, , , , , , , , , , , ,2522,4398
01/03/2009,Dean Schofield,Dean Schofield,Lee Thomas, , , , , , , , , , , , ,2523,4399
08/03/2009,Neil Briggs, , , , , , , , , , , , , , ,2524,4400
14/03/2009, , , , , , , , , , , , , , , ,2525,4401
22/03/2009,Charlie Hodgson, , , , , , , , , , , , , , ,2526,4402
27/03/2009,Mark Cueto,Charlie Hodgson,Juan Martin Fernandez Lobbe, , , , , , , , , , , , ,2527,4403
17/04/2009,Juan Martin Fernandez Lobbe,Mark Cueto,Charlie Hodgson, , , , , , , , , , , , ,2529,4405
25/04/2009,Juan Martin Fernandez Lobbe,Eifion Lewis-Roberts,Dean Schofield,Mathew Tait, , , , , , , , , , , ,2530,4406
24/08/1997,David Erskine, , , , , , , , , , , , , , ,2531,4407
30/08/1997,Kevin Ellis,Chris Yates, , , , , , , , , , , , , ,NULL,4408
18/10/1997,Matt Moore,Richard Smith, , , , , , , , , , , , , ,NULL,4409
25/10/1997,Pat Sanderson,Tom Beim,Matt Moore,Kevin Ellis,Chris Yates, , , , , , , , , , ,NULL,4410
02/11/1997,Simon Mannix,David Rees,David Rees,Pat Sanderson, , , , , , , , , , , ,NULL,4411
09/11/1997,Tom Beim,Tom Beim,Tom Beim,Tom Beim,Kevin Ellis,Jim Mallinder,David Rees,David Rees,David Rees,Pat Sanderson,Phil Winstanley,Phil Winstanley, , , ,NULL,4412
13/12/1997,Shane Howarth,Simon Raiwalui, , , , , , , , , , , , , ,NULL,4413
27/12/1997,Tom Beim, , , , , , , , , , , , , , ,NULL,4414
30/12/1997,Jos Baxendell,Kevin Ellis, , , , , , , , , , , , , ,NULL,4415
10/01/1998,Tom Beim,Tom Beim, , , , , , , , , , , , , ,NULL,4416
01/02/1998,Duncan Bell,Kevin Ellis,Pat Sanderson,Pat Sanderson,Chris Yates, , , , , , , , , , ,NULL,4417
15/02/1998,Jos Baxendell,Jim Mallinder,Dion O'Cuinneagain, , , , , , , , , , , , ,NULL,4418
24/02/1998,Tom Beim,Tom Beim, , , , , , , , , , , , , ,NULL,4419
10/03/1998,Tom Beim,David Erskine, , , , , , , , , , , , , ,NULL,4420
14/03/1998,Duncan Bell,Dion O'Cuinneagain, ,Phil Winstanley, , , , , , , , , , , ,NULL,4421
11/04/1998,Jos Baxendell,Kevin Ellis,Tom Beim,Matt Moore,Matt Moore, , , , , , , , , , ,NULL,4422
15/04/1998,Pete Anglesea,Jos Baxendell,Simon Raiwalui, , , , , , , , , , , , ,NULL,4423
18/04/1998,Matt Moore, , , , , , , , , , , , , , ,NULL,4424
25/04/1998,Jos Baxendell,Matt Moore,Richard Smith,Pat Sanderson, , , , , , , , , , , ,NULL,4425
02/05/1998,Tom Beim,David Erskine,Shane Howarth, , , , , , , , , , , , ,NULL,4426
10/05/1998,Jim Mallinder,Chris Murphy,Shane Howarth, , , , , , , , , , , , ,NULL,4427
17/05/1998,Tom Beim,Shane Howarth, , , , , , , , , , , , , ,NULL,4428
05/09/1998,Matt Moore,Richard Smith,Richard Smith, , , , , , , , , , , , ,NULL,4429
12/09/1998,Jan Machacek,Matt Moore,Chris Yates,Tom Beim,Matt Moore, , , , , , , , , , ,NULL,4430
20/09/1998,Tom Beim,Jan Machacek,Richard Smith,Matt Moore, , , , , , , , , , , ,NULL,4431
26/09/1998,Tom Beim,Phil Winstanley,Richard Smith,Chris Yates, , , , , , , , , , , ,NULL,4432
03/10/1998,Shane Howarth,Tom Beim, , , , , , , , , , , , , ,NULL,4433
17/10/1998,Shane Howarth,Richard Smith, , , , , , , , , , , , , ,NULL,4434
24/10/1998, , , , , , , , , , , , , , , ,NULL,4435
28/10/1998,Pat Sanderson, , , , , , , , , , , , , , ,NULL,4436
07/11/1998,Tom Beim,Dion O'Cuinneagain,Penalty Try, , , , , , , , , , , , ,NULL,4437
13/11/1998,Dave Baldwin,Steve Davidson,Kevin Ellis,Kevin Ellis,Penalty Try, , , , , , , , , , ,NULL,4438
22/11/1998,Steve Davidson,Steve Davidson,Chris Yates, , , , , , , , , , , , ,NULL,4439
12/12/1998,Steve Hanley,Shane Howarth,Steve Hanley,Jim Mallinder, , , , , , , , , , , ,NULL,4440
20/12/1998,Steve Hanley,Shane Howarth, , , , , , , , , , , , , ,NULL,4441
27/12/1998,Steve Hanley,Chris Yates, , , , , , , , , , , , , ,NULL,4442
02/01/1999,Steve Hanley,Steve Hanley,Jan Machacek,Matt Moore, , , , , , , , , , , ,NULL,4443
05/01/1999,Steve Hanley,Matt Moore,Matt Moore,Alex Sanderson, , , , , , , , , , , ,NULL,4444
09/01/1999, , , , , , , , , , , , , , , ,NULL,4445
23/01/1999,Steve Davidson,Steve Hanley,Dion O'Cuinneagain, , , , , , , , , , , , ,NULL,4446
06/02/1999,Barrie-Jon Mather, , , , , , , , , , , , , , ,NULL,4447
14/02/1999,Steve Hanley,Barrie-Jon Mather,Steve Hanley,Shane Howarth, , , , , , , , , , , ,NULL,4448
27/02/1999,Steve Hanley,Steve Hanley, , , , , , , , , , , , , ,NULL,4449
13/03/1999,Jos Baxendell,Simon Raiwalui,Chris Yates, , , , , , , , , , , , ,NULL,4450
28/03/1999,Jos Baxendell,Matt Moore,Dion O'Cuinneagain, , , , , , , , , , , , ,NULL,4451
03/04/1999,Kevin Ellis,Shane Howarth,Phil Greening, , , , , , , , , , , , ,NULL,4452
24/04/1999,Jos Baxendell,Barrie-Jon Mather,Shane Howarth, , , , , , , , , , , , ,NULL,4453
01/05/1999,Shane Howarth,Shane Howarth,Matt Moore,Richard Smith, , , , , , , , , , , ,NULL,4454
08/05/1999,Matt Moore,Barrie-Jon Mather, , , , , , , , , , , , , ,NULL,4455
05/09/2020,AJáMacGinty,Jono Ross,Denny Solomona,Manu Tuilagi, , , , , , , , , , , ,NULL,4456
09/09/2020,Simon Hammersley,Valery Morozov,Matt Postlethwaite, , , , , , , , , , , , ,NULL,4457
13/09/2020,Dan du Preez,Jean Luc du Preez,Rohan van Rensburg, , , , , , , , , , , , ,NULL,4458
29/09/2020,Simon Hammersley,Luke James,Luke James,Rohan van Rensburg,Valery Morozov,Penalty, , , , , , , , , ,NULL,4459
07/10/2020, , , , , , , , , , , , , , , ,NULL,4460
11/09/1999,Janneman Brand, , , , , , , , , , , , , , ,NULL,4461
25/09/1999, , , , , , , , , , , , , , , ,NULL,4462
02/10/1999,Guy Manson-Bishop,Barrie-Jon Mather,Mark Tinnock, , , , , , , , , , , , ,NULL,4463
10/10/1999,Mark Tinnock, , , , , , , , , , , , , , ,NULL,4464
17/10/1999, , , , , , , , , , , , , , , ,NULL,4465
29/10/1999,Janneman Brand,Mark Tinnock, , , , , , , , , , , , , ,NULL,4466
05/11/1999,Steve Davidson, , , , , , , , , , , , , , ,NULL,4467
13/11/1999,Andy Morris,Craig Turvey, , , , , , , , , , , , , ,NULL,4468
04/12/1999, , , , , , , , , , , , , , , ,NULL,4469
26/12/1999,Janneman Brand, , , , , , , , , , , , , , ,NULL,4470
29/12/1999, , , , , , , , , , , , , , , ,NULL,4471
23/01/2000,Pete Anglesea,Jos Baxendell,Nicky Little, , , , , , , , , , , , ,NULL,4472
12/02/2000,Pete Anglesea, , , , , , , , , , , , , , ,NULL,4473
08/03/2000,Steve Hanley,Craig Turvey, , , , , , , , , , , , , ,NULL,4474
12/03/2000,Steve Hanley,Paul Knight,Alex Sanderson,Mark Tinnock, , , , , , , , , , , ,NULL,4475
25/03/2000,Mark Tinnock, , , , , , , , , , , , , , ,NULL,4476
08/04/2000,Steve Diamond,Barrie-Jon Mather,Alex Sanderson, , , , , , , , , , , , ,NULL,4477
15/04/2000, , , , , , , , , , , , , , , ,NULL,4478
22/04/2000,Steve Hanley,Steve Davidson, , , , , , , , , , , , , ,NULL,4479
30/04/2000,Matt Moore, , , , , , , , , , , , , , ,NULL,4480
06/05/2000,Barrie-Jon Mather,Barrie-Jon Mather,Matt Moore,Steve Hanley,Steve Hanley,Jim Mallinder, , , , , , , , , ,NULL,4481
14/05/2000,Steve Hanley,Guy Manson-Bishop, ,Alex Sanderson,Paul Knight,Dawie Theron,Barrie-Jon Mather, , , , , , , , ,NULL,4482
09/02/2002,Jason Robinson, , , , , , , , , , , , , , ,NULL,4505
23/02/2002,Jason Robinson,Jos Baxendale,Charlie Hodgson, , , , , , , , , , , , ,NULL,4506
09/03/2002,Vaughan Going, , , , , , , , , , , , , , ,NULL,4507
16/03/2002,Anthony Elliott,Mark Cueto,Stuart Turner, , , , , , , , , , , , ,NULL,4508
31/03/2002,Mark Cueto,Bryan Redpath, , , , , , , , , , , , , ,NULL,4509
13/04/2002,Mel Deane,Chris Jones,Jason Robinson,Martin Shaw,Martin Shaw,Martin Shaw, , , , , , , , , ,NULL,4510
19/04/2002,Pete Anglesea,Mark Cueto, , , , , , , , , , , , , ,NULL,4511
05/05/2002,Pete Anglesea,Charlie Hodgson,Jason Robinson,Chris Jones,Martin Shaw, , , , , , , , , , ,NULL,4512
08/05/2002,Mark Cueto,Mark Cueto,Anthony Elliott,Bryan Redpath, , , , , , , , , , , ,NULL,4513
12/05/2002,Jos Baxendale,Mark Cueto,Mark Cueto,Mel Deane,Charlie Hodgson,Charl Marais, , , , , , , , , ,NULL,4514
30/08/2002, , , , , , , , , , , , , , , ,NULL,4515
07/09/2002,Mark Cueto, , , , , , , , , , , , , , ,NULL,4516
13/09/2002,Chris Jones,Nick Walshe, , , , , , , , , , , , , ,NULL,4517
20/09/2002,Mark Cueto,Steve Hanley, , , , , , , , , , , , , ,NULL,4518
27/09/2002,Mark Cueto,Charlie Hodgson, , , , , , , , , , , , , ,NULL,4519
05/10/2002,Mark Cueto,Mel Deane,Steve Hanley,Chris Jones, , , , , , , , , , , ,NULL,4520
27/10/2002,Steve Hanley,Nick Walshe, , , , , , , , , , , , , ,NULL,4521
01/11/2002,Graeme Bond,Mark Cueto,Jason Robinson, , , , , , , , , , , , ,NULL,4522
10/11/2002,Graeme Bond,Steve Hanley, , , , , , , , , , , , , ,NULL,4523
15/11/2002,Vaughan Going,Steve Hanley,Steve Hanley,Dan Harris,Stuart Pinkerton, , , , , , , , , , ,NULL,4524
24/11/2002,Mark Cueto,Steve Hanley,Chris Jones,Dean Schofield, , , , , , , , , , , ,NULL,4525
29/11/2002,Mark Cueto,Steve Hanley,Steve Hanley,Stuart Pinkerton,Dean Schofield, , , , , , , , , , ,NULL,4526
29/12/2002, , , , , , , , , , , , , , , ,NULL,4527
03/01/2003,Mark Cueto,Mark Cueto,Steve Hanley,Jason Robinson,Dan Harris, , , , , , , , , , ,NULL,4528
02/02/2003,Iain Fullarton,Andy Titterrell,Steve Hanley, , , , , , , , , , , , ,NULL,4529
08/02/2003,Graeme Bond,Mark Cueto,Steve Hanley,Charlie Hodgson,Chris Jones, , , , , , , , , , ,NULL,4530
15/03/2003,Steve Hanley,Dan Harris,Jason Robinson,Jason Robinson,Andy Titterrell, , , , , , , , , , ,NULL,4531
06/04/2003,Graeme Bond,Pete Anglesea, , , , , , , , , , , , , ,NULL,4532
18/04/2003,Graeme Bond,Mark Cueto,Steve Hanley,Jason Robinson, , , , , , , , , , , ,NULL,4533
26/04/2003,Graeme Bond,Andy Titterrell, , , , , , , , , , , , , ,NULL,4534
03/05/2003, , , , , , , , , , , , , , , ,NULL,4535
10/05/2003,Jason Robinson,Jason Robinson,Dean Schofield, , , , , , , , , , , , ,NULL,4536
12/09/2003,MattáCairns,Steve Hanley,Steve Hanley,Andrew Sheridan,Stuart Turner, , , , , , , , , , ,NULL,4537
21/09/2003,Vaughan Going, , , , , , , , , , , , , , ,NULL,4538
26/09/2003, , , , , , , , , , , , , , , ,NULL,4539
04/10/2003,Graeme Bond, , , , , , , , , , , , , , ,NULL,4540
10/10/2003,Graeme Bond,MattáCairns,Penalty Try, , , , , , , , , , , , ,NULL,4541
17/10/2003,Graeme Bond,Mark Cueto,Stuart Pinkerton, , , , , , , , , , , , ,NULL,4542
25/10/2003,MattáCairns,Mark Cueto,Steve Hanley, , , , , , , , , , , , ,NULL,4543
31/10/2003,Graeme Bond,Steve Hanley, , , , , , , , , , , , , ,NULL,4544
08/11/2003,Graeme Bond,MattáCairns,Vaughan Going,Steve Hanley,Charlie Hodgson, , , , , , , , , , ,NULL,4545
21/11/2003,Mark Cueto,Chris Jones,Barry Stewart, , , , , , , , , , , , ,NULL,4546
30/11/2003,Jos Baxendale,Mark Cueto,Mark Cueto, , , , , , , , , , , , ,NULL,4547
19/12/2003, , , , , , , , , , , , , , , ,NULL,4548
27/12/2003,Chris Jones,Chris Jones,Steve Hanley,Jason Robinson, , , , , , , , , , , ,NULL,4549
04/01/2004,Chris Jones, , , , , , , , , , , , , , ,NULL,4550
06/02/2004, , , , , , , , , , , , , , , ,NULL,4551
14/02/2004,Scott Benton,Chris Mayor, , , , , , , , , , , , , ,NULL,4552
21/02/2004,Vaughan Going,Steve Hanley, , , , , , , , , , , , , ,NULL,4553
26/03/2004,Mark Cueto,Steve Hanley,Steve Hanley,Steve Hanley,Mike Hercus, , , , , , , , , , ,NULL,4554
03/04/2004,Charlie Hodgson,Andrew Sheridan, , , , , , , , , , , , , ,NULL,4555
23/04/2004,Scott Benton,Mark Cueto,Mark Cueto,Mark Cueto,Steve Hanley,Charlie Hodgson, , , , , , , , , ,NULL,4556
02/05/2004,Steve Hanley,Steve Hanley, , , , , , , , , , , , , ,NULL,4557
08/05/2004,Mark Cueto,Charlie Hodgson,Chris Jones, , , , , , , , , , , , ,NULL,4558
05/09/2004,Mark Cueto,Bryan Redpath,Jason Robinson, , , , , , , , , , , , ,NULL,4559
11/09/2004,Steve Hanley,Steve Hanley,Robert Todd, , , , , , , , , , , , ,NULL,4560
17/09/2004,Mark Cueto,Mark Cueto, , , , , , , , , , , , , ,NULL,4561
24/09/2004,Mark Cueto,Stuart Turner,Chris Jones,Chris Jones,Chris Jones,Magnus Lund,Bryan Redpath,Jason Robinson, , , , , , , ,NULL,4562
03/10/2004,Andy Titterell, , , , , , , , , , , , , , ,NULL,4563
08/10/2004,Sebastien Bruno, , , , , , , , , , , , , , ,NULL,4564
16/10/2004,Mark Cueto,Andrew Sheridan, , , , , , , , , , , , , ,NULL,4565
05/11/2004,Sebastien Bruno,Charlie Hodgson,Charlie Hodgson,Dean Schofield,Andrew Sheridan, , , , , , , , , , ,NULL,4566
13/11/2004,Magnus Lund, , , , , , , , , , , , , , ,NULL,4567
19/11/2004,Robert Todd, , , , , , , , , , , , , , ,NULL,4568
26/11/2004,Robert Todd, , , , , , , , , , , , , , ,NULL,4569
27/12/2004,John Carter,Mark Cueto,Chris Mayor, , , , , , , , , , , , ,NULL,4570
02/01/2005,Jason Robinson,Jason Robinson, , , , , , , , , , , , , ,NULL,4571
29/01/2005,Steve Hanley,Steve Hanley,Magnus Lund,Stuart Turner, , , , , , , , , , , ,NULL,4572
06/02/2005,Andrew Sheridan, , , , , , , , , , , , , , ,NULL,4573
18/02/2005, , , , , , , , , , , , , , , ,NULL,4574
25/02/2005,Johnny Roddam, , , , , , , , , , , , , , ,NULL,4575
13/03/2005,Dean Schofield, , , , , , , , , , , , , , ,NULL,4576
25/03/2005,Sebastien Chabal,Steve Hanley,Steve Hanley, , , , , , , , , , , , ,NULL,4577
09/04/2005,Mark Cueto,Mark Cueto, , , , , , , , , , , , , ,NULL,4578
15/04/2005,John Carter,Mark Cueto,Steve Hanley,Steve Hanley, , , , , , , , , , , ,NULL,4579
30/04/2005,Mark Cueto,Steve Hanley, , , , , , , , , , , , , ,NULL,4580
07/05/2005,Sebastien Chabal,Mark Cueto,Jason White, , , , , , , , , , , , ,NULL,4581
03/09/2006,Sebastien Bruno,Charlie Hodgson, , , , , , , , , , , , , ,NULL,4582
09/09/2006,Mark Cueto,Magnus Lund, , , , , , , , , , , , , ,NULL,4583
15/09/2006,Mark Cueto,Chris Bell,Jason White, , , , , , , , , , , , ,NULL,4584
22/09/2006,Juan Martin Fernandez Lobbe,Mark Cueto,Mark Taylor, , , , , , , , , , , , ,NULL,4585
15/10/2006,Oriol Ripol Fortuny,Oriol Ripol Fortuny,Mark Cueto,Mark Taylor, , , , , , , , , , , ,NULL,4586
03/11/2006, , , , , , , , , , , , , , , ,NULL,4587
10/11/2006, , , , , , , , , , , , , , , ,NULL,4588
17/11/2006, , , , , , , , , , , , , , , ,NULL,4589
24/11/2006,Magnus Lund, , , , , , , , , , , , , , ,NULL,4590
22/12/2006,Chris Bell, , , , , , , , , , , , , , ,NULL,4591
26/12/2006,Sebastien Bruno,Chris Bell,Chris Mayor,Chris Mayor, , , , , , , , , , , ,NULL,4592
01/01/2007, , , , , , , , , , , , , , , ,NULL,4593
06/01/2007,Chris Bell,Sebastien Bruno, , , , , , , , , , , , , ,NULL,4594
27/01/2007,Ben Foden,Chris Mayor,Dean Schofield, , , , , , , , , , , , ,NULL,4595
18/02/2007,Mark Cueto,Chris Bell, , , , , , , , , , , , , ,NULL,4596
23/02/2007, , , , , , , , , , , , , , , ,NULL,4597
04/03/2007, , , , , , , , , , , , , , , ,NULL,4598
09/03/2007, , , , , , , , , , , , , , , ,NULL,4599
17/03/2007,Chris Bell,Oriol Ripol Fortuny, , , , , , , , , , , , , ,NULL,4600
06/04/2007,Penalty Try, , , , , , , , , , , , , , ,NULL,4601
13/04/2007,Selorm Kuadey,Juan Martin Fernandez Lobbe,Jason Robinson, , , , , , , , , , , , ,NULL,4602
28/04/2007, , , , , , , , , , , , , , , ,NULL,4603
23/09/2007,Ben Foden, , , , , , , , , , , , , , ,NULL,4605
29/09/2007,Oriol Ripol Fortuny, , , , , , , , , , , , , , ,NULL,4606
05/10/2007,Magnus Lund, , , , , , , , , , , , , , ,NULL,4607
13/10/2007,Benoit Bourrust,Oriol Ripol Fortuny, , , , , , , , , , , , , ,NULL,4608
19/10/2007,Ben Foden,Rory Lamont,Lee Thomas,Richard Wigglesworth, , , , , , , , , , , ,NULL,4609
23/11/2007,Mark Cueto,Ben Foden,Rory Lamont,Dean Schofield, , , , , , , , , , , ,NULL,4610
23/12/2007,Rory Lamont, , , , , , , , , , , , , , ,NULL,4611
30/12/2007,Chris Mayor,Oriol Ripol Fortuny,Lee Thomas,Lee Thomas, , , , , , , , , , , ,NULL,4612
06/01/2008, , , , , , , , , , , , , , , ,NULL,4613
25/01/2008,Oriol Ripol Fortuny,Chris Jones, , , , , , , , , , , , , ,NULL,4614
15/02/2008,Luke McAlister,Chris Bell, , , , , , , , , , , , , ,NULL,4615
23/02/2008,Sebastien Chabal, , , , , , , , , , , , , , ,NULL,4616
29/02/2008, , , , , , , , , , , , , , , ,NULL,4617
09/03/2008,Oriol Ripol Fortuny,Sebastien Chabal, , , , , , , , , , , , , ,NULL,4618
14/03/2008,Ben Foden, , , , , , , , , , , , , , ,NULL,4619
28/03/2008,Oriol Ripol Fortuny, , , , , , , , , , , , , , ,NULL,4620
11/04/2008,Chris Jones,Ben Foden,Jason White, , , , , , , , , , , , ,NULL,4621
15/04/2008,Ben Foden, , , , , , , , , , , , , , ,NULL,4622
20/04/2008,Chris Bell,Chris Bell,Mike Hills,Will Cliff,Ignacio Fernandez Lobbe,Ignacio Fernandez Lobbe,Ben Foden,Selorm Kuadey, , , , , , , ,NULL,4623
04/05/2008,Andy Vilk,Richard Wigglesworth, , , , , , , , , , , , , ,NULL,4624
10/05/2008,Chris Bell, , , , , , , , , , , , , , ,NULL,4625
02/09/2001,Mark Cueto,Steve Hanley,Dan Harris,Stuart Pinkerton, , , , , , , , , , , ,NULL,4626
08/09/2001,Pete Anglesea,Adam Black,Steve Hanley,Charlie Hodgson,Jason Robinson, , , , , , , , , , ,NULL,4627
16/09/2001,Mark Cueto,Dan Harris,Jason Robinson, , , , , , , , , , , , ,NULL,4628
22/09/2001,Jason Robinson,Jos Baxendale, , , , , , , , , , , , , ,NULL,4629
13/10/2001,Mark Cueto,Mark Cueto, , , , , , , , , , , , , ,NULL,4630
20/10/2001,Pete Anglesea,Mark Cueto,Steve Hanley,Charlie Hodgson, , , , , , , , , , , ,NULL,4631
11/11/2001,Pete Anglesea,Vaughan Going,Steve Hanley,Martin Shaw, , , , , , , , , , , ,NULL,4632
17/11/2001, , , , , , , , , , , , , , , ,NULL,4633
25/11/2001,Mark Cueto,Charlie Hodgson,Charlie Hodgson,Mel Deane,Steve Hanley,Steve Hanley, , , , , , , , , ,NULL,4634
01/12/2001,Steve Hanley,Jason Robinson, , , , , , , , , , , , , ,NULL,4635
08/12/2001,Steve Hanley, , , , , , , , , , , , , , ,NULL,4636
27/12/2001,Jason Robinson, , , , , , , , , , , , , , ,NULL,4637
20/11/2020,Dan du Preez,Simon Hammersley,AJ MacGinty,Akker Van der Merwe, , , , , , , , , , , ,NULL,4638
27/11/2020,Cobus Wiese, , , , , , , , , , , , , , ,NULL,4639
06/12/2020,Denny Solomona,Akker Van der Merwe, , , , , , , , , , , , , ,NULL,4640
12/12/2020,Marland Yarde,James Phillips, , , , , , , , , , , , , ,NULL,4641
19/12/2020,Denny Solomona,Denny Solomona, , , , , , , , , , , , , ,NULL,4642
27/12/2020,Marland Yarde,Marland Yarde, , , , , , , , , , , , , ,NULL,4643
02/01/2021,Josh Beaumont, , , , , , , , , , , , , , ,NULL,4644
NULL, , , , , , , , , , , , , , , ,NULL,4645
NULL, , , , , , , , , , , , , , , ,NULL,4646
NULL, , , , , , , , , , , , , , , ,NULL,4647
NULL, , , , , , , , , , , , , , , ,NULL,4648
NULL, , , , , , , , , , , , , , , ,NULL,4649
20/11/2020,Dan du Preez,Simon Hammersley,AJ MacGinty,Akker Van der Merwe, , , , , , , , , , , ,NULL,4650
27/11/2020,Cobus Wiese, , , , , , , , , , , , , , ,NULL,4651
06/12/2020,Denny Solomona,Akker Van der Merwe, , , , , , , , , , , , , ,NULL,4652
12/12/2020,Marland Yarde,James Phillips, , , , , , , , , , , , , ,NULL,4653
19/12/2020,Denny Solomona,Denny Solomona, , , , , , , , , , , , , ,NULL,4654
27/12/2020,Marland Yarde,Marland Yarde, , , , , , , , , , , , , ,NULL,4655
02/01/2021,Josh Beaumont, , , , , , , , , , , , , , ,NULL,4656
NULL, , , , , , , , , , , , , , , ,NULL,4657
NULL, , , , , , , , , , , , , , , ,NULL,4658
NULL, , , , , , , , , , , , , , , ,NULL,4659
NULL, , , , , , , , , , , , , , , ,NULL,4660
NULL, , , , , , , , , , , , , , , ,NULL,4661
08/01/2021,Faf de Klerk,Jono Ross, , , , , , , , , , , , , ,NULL,4662
29/01/2021,Sam James,Cobus Weise,Marland Yarde, , , , , , , , , , , , ,NULL,4663
05/02/2021,Luke James, , , , , , , , , , , , , , ,NULL,4664
12/02/2021,Dan du Preez,Cameron Neild,Jono Ross, , , , , , , , , , , , ,NULL,4665
20/02/2021,Rob du Preez,Curtis Langdon, , , , , , , , , , , , , ,NULL,4666
26/02/2021,Curtis Langdon,Byron McGuigan,Bevan Rodd, , , , , , , , , , , , ,NULL,4667
05/03/2021,Lood de Jager,Simon Hammersley,Marland Yarde, , , , , , , , , , , , ,NULL,4668
13/03/2021,Lood de Jager,Jean-Luc du Preez, , , , , , , , , , , , , ,NULL,4669
21/03/2021,Lood de Jager,Simon Hammersley,Byron McGuigan,Byron McGuigan,Byron McGuigan,Arron Reed, , , , , , , , , ,NULL,4670
27/03/2021,Josh Beaumont,Akker van der Merwe, , , , , , , , , , , , , ,NULL,4671
04/04/2021,Akker van der Merwe,Akker van der Merwe, ,AJ MacGinty,Marland Yarde,Josh Beaumont,Raffi Quirke, , , , , , , , ,NULL,4672
