DateOfMatch,Penalty1,Penalty2,Penalty3,Penalty4,Penalty5,Penalty6,Penalty7,Penalty8,MatchID,PenaltiesID
13/12/2009,Charlie Hodgson,NULL,NULL,NULL,NULL,NULL,NULL,NULL,1000,1500
20/12/2009,Charlie Hodgson,Charlie Hodgson,Charlie Hodgson,NULL,NULL,NULL,NULL,NULL,1000,1501
27/12/2009,Charlie Hodgson,Charlie Hodgson,NULL,NULL,NULL,NULL,NULL,NULL,1000,1502
01/01/2010,Charlie Hodgson,Charlie Hodgson,Charlie Hodgson,NULL,NULL,NULL,NULL,NULL,1000,1503
16/01/2010,NULL,NULL,NULL,NULL,NULL,NULL,NULL,NULL,1000,1504
24/01/2010,Charlie Hodgson,Charlie Hodgson,NULL,NULL,NULL,NULL,NULL,NULL,1000,1505
08/10/2010,NULL,NULL,NULL,NULL,NULL,NULL,NULL,NULL,1000,1506
16/10/2010,Charlie Hodgson,Charlie Hodgson,Charlie Hodgson,NULL,NULL,NULL,NULL,NULL,1000,1507
31/10/2010,Nick Macleod,Nick Macleod,Nick Macleod,NULL,NULL,NULL,NULL,NULL,1000,1508
05/11/2010,Rob Miller,NULL,NULL,NULL,NULL,NULL,NULL,NULL,1000,1509
14/11/2010,Matty James,Matty James,NULL,NULL,NULL,NULL,NULL,NULL,1000,1510
19/11/2010,Nick Macleod,NULL,NULL,NULL,NULL,NULL,NULL,NULL,1000,1511
27/11/2010,Nick Macleod,Nick Macleod,Nick Macleod,Nick Macleod,NULL,NULL,NULL,NULL,1000,1512
11/12/2010,Nick Macleod,Nick Macleod,Nick Macleod,NULL,NULL,NULL,NULL,NULL,1000,1513
20/12/2010,Nick Macleod,Nick Macleod,NULL,NULL,NULL,NULL,NULL,NULL,1000,1514
27/12/2010,NULL,NULL,NULL,NULL,NULL,NULL,NULL,NULL,1000,1515
02/01/2011,Charlie Hodgson,Charlie Hodgson,Charlie Hodgson,NULL,NULL,NULL,NULL,NULL,1000,1516
07/01/2011,NULL,NULL,NULL,NULL,NULL,NULL,NULL,NULL,1000,1517
14/01/2011,Charlie Hodgson,Charlie Hodgson,Charlie Hodgson,NULL,NULL,NULL,NULL,NULL,1000,1518
22/01/2011,NULL,NULL,NULL,NULL,NULL,NULL,NULL,NULL,1000,1519
28/01/2011,Rob Miller,NULL,NULL,NULL,NULL,NULL,NULL,NULL,1000,1520
01/09/2018,AJ MacGinty,AJ MacGinty,AJ MacGinty,NULL,NULL,NULL,NULL,NULL,1000,1521
09/09/2018,AJ MacGinty,NULL,NULL,NULL,NULL,NULL,NULL,NULL,1000,1522
15/09/2018,Danny Cipriani,NULL,NULL,NULL,NULL,NULL,NULL,NULL,1000,1523
22/09/2018,AJ MacGinty,AJ MacGinty,AJ MacGinty,NULL,NULL,NULL,NULL,NULL,1000,1524
30/09/2018,NULL,NULL,NULL,NULL,NULL,NULL,NULL,NULL,1000,1525
06/10/2018,AJ MacGinty,NULL,NULL,NULL,NULL,NULL,NULL,NULL,1000,1526
17/11/2018,Rob du Preez,Rob du Preez,Rob du Preez,Rob du Preez,Rob du Preez,Rob du Preez,NULL,NULL,1000,1527
24/11/2018,Rob du Preez,Rob du Preez,NULL,NULL,NULL,NULL,NULL,NULL,1000,1528
12/10/2018,Faf de Klerk,NULL,NULL,NULL,NULL,NULL,NULL,NULL,1000,1529
20/10/2018,Faf de Klerk,Faf de Klerk,NULL,NULL,NULL,NULL,NULL,NULL,1000,1530
15/11/2015,NULL,NULL,NULL,NULL,NULL,NULL,NULL,NULL,1000,1531
15/12/2018,Faf de Klerk,Faf de Klerk,NULL,NULL,NULL,NULL,NULL,NULL,1000,1532
26/10/2018,Kieran Wilkinson,NULL,NULL,NULL,NULL,NULL,NULL,NULL,1000,1533
02/11/2018,Will Cliff,NULL,NULL,NULL,NULL,NULL,NULL,NULL,1000,1534
09/11/2018,Rob Du Preez,Rob Du Preez,NULL,NULL,NULL,NULL,NULL,NULL,1000,1535
02/09/2016,AJ MacGinty,NULL,NULL,NULL,NULL,NULL,NULL,NULL,1000,1536
09/09/2016,Dan Mugford,NULL,NULL,NULL,NULL,NULL,NULL,NULL,1000,1537
16/09/2016,NULL,NULL,NULL,NULL,NULL,NULL,NULL,NULL,1000,1538
24/09/2016,Will Addison,NULL,NULL,NULL,NULL,NULL,NULL,NULL,1000,1539
01/10/2016,AJ MacGinty,AJ MacGinty,NULL,NULL,NULL,NULL,NULL,NULL,1000,1540
07/10/2016,Will Addison,NULL,NULL,NULL,NULL,NULL,NULL,NULL,1000,1541
30/10/2016,NULL,NULL,NULL,NULL,NULL,NULL,NULL,NULL,1000,1542
20/11/2016,AJ MacGinty,AJ MacGinty,NULL,NULL,NULL,NULL,NULL,NULL,1000,1543
27/11/2016,AJ MacGinty,NULL,NULL,NULL,NULL,NULL,NULL,NULL,1000,1544
02/12/2016,AJ MacGinty,NULL,NULL,NULL,NULL,NULL,NULL,NULL,1000,1545
23/12/2016,NULL,NULL,NULL,NULL,NULL,NULL,NULL,NULL,1000,1546
01/01/2017,James Mitchell,James Mitchell,NULL,NULL,NULL,NULL,NULL,NULL,1000,1547
07/01/2017,Will Addison,NULL,NULL,NULL,NULL,NULL,NULL,NULL,1000,1548
10/02/2017,Will Addison,Will Addison,Will Addison,NULL,NULL,NULL,NULL,NULL,1000,1549
19/02/2017,Will Addison,Will Addison,NULL,NULL,NULL,NULL,NULL,NULL,1000,1550
25/02/2017,Will Addison,AJ MacGinty,NULL,NULL,NULL,NULL,NULL,NULL,1000,1551
03/03/2017,NULL,NULL,NULL,NULL,NULL,NULL,NULL,NULL,1000,1552
25/03/2017,AJ MacGinty,AJ MacGinty,AJ MacGinty,AJ MacGinty,AJ MacGinty,AJ MacGinty,NULL,NULL,1000,1553
07/04/2017,AJ MacGinty,NULL,NULL,NULL,NULL,NULL,NULL,NULL,1000,1554
15/04/2017,AJ MacGinty,AJ MacGinty,NULL,NULL,NULL,NULL,NULL,NULL,1000,1555
29/04/2017,AJ MacGinty,AJ MacGinty,NULL,NULL,NULL,NULL,NULL,NULL,1000,1556
06/05/2017,AJ MacGinty,AJ MacGinty,NULL,NULL,NULL,NULL,NULL,NULL,1000,1557
15/10/2016,Dan Mugford,Dan Mugford,NULL,NULL,NULL,NULL,NULL,NULL,1000,1558
21/10/2016,NULL,NULL,NULL,NULL,NULL,NULL,NULL,NULL,1000,1559
10/12/2016,AJ MacGinty,NULL,NULL,NULL,NULL,NULL,NULL,NULL,1000,1560
18/12/2016,AJ MacGinty,NULL,NULL,NULL,NULL,NULL,NULL,NULL,1000,1561
15/01/2017,NULL,NULL,NULL,NULL,NULL,NULL,NULL,NULL,1000,1562
21/01/2017,Will Addison,Will Addison,Will Addison,Will Addison,Will Addison,NULL,NULL,NULL,1000,1563
04/11/2016,Tom Arscott,NULL,NULL,NULL,NULL,NULL,NULL,NULL,1000,1564
11/11/2016,Dan Mugford,Tom Arscott,NULL,NULL,NULL,NULL,NULL,NULL,1000,1565
27/01/2017,NULL,NULL,NULL,NULL,NULL,NULL,NULL,NULL,1000,1566
03/02/2017,Will Addison,NULL,NULL,NULL,NULL,NULL,NULL,NULL,1000,1567
02/09/2017,NULL,NULL,NULL,NULL,NULL,NULL,NULL,NULL,1000,1568
08/09/2017,AJ MacGinty,AJ MacGinty,AJ MacGinty,AJ MacGinty,NULL,NULL,NULL,NULL,1000,1569
15/09/2017,AJ MacGinty,NULL,NULL,NULL,NULL,NULL,NULL,NULL,1000,1570
23/09/2017,Faf de Klerk,NULL,NULL,NULL,NULL,NULL,NULL,NULL,1000,1571
29/09/2017,AJ MacGinty,NULL,NULL,NULL,NULL,NULL,NULL,NULL,1000,1572
06/10/2017,NULL,NULL,NULL,NULL,NULL,NULL,NULL,NULL,1000,1573
27/10/2017,Faf de Klerk,Faf de Klerk,NULL,NULL,NULL,NULL,NULL,NULL,1000,1574
19/11/2017,Faf de Klerk,NULL,NULL,NULL,NULL,NULL,NULL,NULL,1000,1575
25/11/2017,Will Cliff,Faf de Klerk,NULL,NULL,NULL,NULL,NULL,NULL,1000,1576
01/12/2017,AJ MacGinty,AJ MacGinty,NULL,NULL,NULL,NULL,NULL,NULL,1000,1577
23/12/2017,AJ MacGinty,AJ MacGinty,NULL,NULL,NULL,NULL,NULL,NULL,1000,1578
30/12/2017,AJ MacGinty,AJ MacGinty,AJ MacGinty,NULL,NULL,NULL,NULL,NULL,1000,1579
06/01/2018,Faf de Klerk,AJ MacGinty,AJ MacGinty,NULL,NULL,NULL,NULL,NULL,1000,1580
10/02/2018,Faf de Klerk,Faf de Klerk,NULL,NULL,NULL,NULL,NULL,NULL,1000,1581
16/02/2018,Faf de Klerk,NULL,NULL,NULL,NULL,NULL,NULL,NULL,1000,1582
24/02/2018,Faf de Klerk,Faf de Klerk,Faf de Klerk ,Faf de Klerk ,Faf de Klerk ,NULL,NULL,NULL,1000,1583
03/03/2018,Faf de Klerk,Faf de Klerk,NULL,NULL,NULL,NULL,NULL,NULL,1000,1584
24/03/2018,Faf de Klerk,AJ MacGinty,NULL,NULL,NULL,NULL,NULL,NULL,1000,1585
06/04/2018,AJ MacGinty,AJ MacGinty,NULL,NULL,NULL,NULL,NULL,NULL,1000,1586
13/04/2018,AJ MacGinty,AJ MacGinty,AJ MacGinty,NULL,NULL,NULL,NULL,NULL,1000,1587
28/04/2018,NULL,NULL,NULL,NULL,NULL,NULL,NULL,NULL,1000,1588
05/05/2018,AJ MacGinty,AJ MacGinty,NULL,NULL,NULL,NULL,NULL,NULL,1000,1589
13/10/2017,Faf de Klerk,Faf de Klerk,NULL,NULL,NULL,NULL,NULL,NULL,1000,1590
20/10/2017,Faf de Klerk,NULL,NULL,NULL,NULL,NULL,NULL,NULL,1000,1591
03/11/2017,AJ MacGinty,NULL,NULL,NULL,NULL,NULL,NULL,NULL,1000,1592
10/11/2017,AJ MacGinty,AJ MacGinty,AJ MacGinty,Will Cliff,NULL,NULL,NULL,NULL,1000,1593
09/12/2017,AJ MacGinty,AJ MacGinty,AJ MacGinty,AJ MacGinty,NULL,NULL,NULL,NULL,1000,1594
17/12/2017,Will Cliff,Will Cliff,NULL,NULL,NULL,NULL,NULL,NULL,1000,1595
13/01/2018,Will Cliff,NULL,NULL,NULL,NULL,NULL,NULL,NULL,1000,1596
20/01/2018,NULL,NULL,NULL,NULL,NULL,NULL,NULL,NULL,1000,1597
27/01/2018,Will Addison,NULL,NULL,NULL,NULL,NULL,NULL,NULL,1000,1598
02/02/2018,NULL,NULL,NULL,NULL,NULL,NULL,NULL,NULL,1000,1599
17/10/2015,Danny Cipriani,NULL,NULL,NULL,NULL,NULL,NULL,NULL,1000,1600
23/10/2015,Danny Cipriani,NULL,NULL,NULL,NULL,NULL,NULL,NULL,1000,1601
01/11/2015,Danny Cipriani,Danny Cipriani,NULL,NULL,NULL,NULL,NULL,NULL,1000,1602
06/11/2015,NULL,NULL,NULL,NULL,NULL,NULL,NULL,NULL,1000,1603
22/12/2018,Rob du Preez,Rob du Preez,Rob du Preez,Rob du Preez,Rob du Preez,NULL,NULL,NULL,1000,1604
12/01/2019,Faf de Klerk,Faf de Klerk,NULL,NULL,NULL,NULL,NULL,NULL,1000,1605
29/12/2018,Rob du Preez,Rob du Preez,NULL,NULL,NULL,NULL,NULL,NULL,1000,1606
04/01/2019,Rob du Preez,Rob du Preez,Rob du Preez,Rob du Preez,NULL,NULL,NULL,NULL,1000,1607
19/01/2019,Faf de Klerk,Will Cliff,NULL,NULL,NULL,NULL,NULL,NULL,1000,1608
16/02/2019,AJ MacGinty,NULL,NULL,NULL,NULL,NULL,NULL,NULL,1000,1609
03/02/2019,NULL,NULL,NULL,NULL,NULL,NULL,NULL,NULL,1000,1610
23/02/2019,Faf de Klerk,NULL,NULL,NULL,NULL,NULL,NULL,NULL,1000,1611
08/03/2019,NULL,NULL,NULL,NULL,NULL,NULL,NULL,NULL,1000,1612
02/03/2019,NULL,NULL,NULL,NULL,NULL,NULL,NULL,NULL,1000,1613
23/03/2019,Faf de Klerk,Faf de Klerk,NULL,NULL,NULL,NULL,NULL,NULL,1000,1614
29/03/2019,AJ MacGinty,AJ MacGinty,NULL,NULL,NULL,NULL,NULL,NULL,1000,1615
05/04/2019,AJ MacGinty,AJ MacGinty,AJ MacGinty,AJ MacGinty,AJ MacGinty,AJ MacGinty,AJ MacGinty,NULL,1000,1616
13/04/2019,AJ MacGinty,AJ MacGinty,NULL,NULL,NULL,NULL,NULL,NULL,1000,1617
20/04/2019,AJ MacGinty,AJ MacGinty,NULL,NULL,NULL,NULL,NULL,NULL,1000,1618
26/04/2019,AJ MacGinty,AJ MacGinty,NULL,NULL,NULL,NULL,NULL,NULL,1000,1619
03/05/2019,AJ MacGinty,Faf de Klerk,NULL,NULL,NULL,NULL,NULL,NULL,1000,1620
18/05/2019,AJ MacGinty,NULL,NULL,NULL,NULL,NULL,NULL,NULL,1000,1621
28/11/2015,Danny Cipriani,Danny Cipriani,Danny Cipriani,Danny Cipriani,Danny Cipriani,NULL,NULL,NULL,1000,1622
08/12/2018,NULL,NULL,NULL,NULL,NULL,NULL,NULL,NULL,1000,1623
21/11/2015,Joe Ford,NULL,NULL,NULL,NULL,NULL,NULL,NULL,1000,1624
04/12/2015,Danny Cipriani,Danny Cipriani,Danny Cipriani,NULL,NULL,NULL,NULL,NULL,1000,1625
12/12/2015,Joe Ford,NULL,NULL,NULL,NULL,NULL,NULL,NULL,1000,1626
19/12/2015,Joe Ford,Joe Ford,Joe Ford,Danny Cipriani,NULL,NULL,NULL,NULL,1000,1627
26/12/2015,Danny Cipriani,Danny Cipriani,NULL,NULL,NULL,NULL,NULL,NULL,1000,1628
02/01/2016,Danny Cipriani,Danny Cipriani,Danny Cipriani,Danny Cipriani,NULL,NULL,NULL,NULL,1000,1629
15/01/2016,Danny Cipriani,NULL,NULL,NULL,NULL,NULL,NULL,NULL,1000,1630
21/01/2016,Danny Cipriani,NULL,NULL,NULL,NULL,NULL,NULL,NULL,1000,1631
30/01/2016,Danny Cipriani,NULL,NULL,NULL,NULL,NULL,NULL,NULL,1000,1632
06/02/2016,Danny Cipriani,NULL,NULL,NULL,NULL,NULL,NULL,NULL,1000,1633
13/02/2016,Danny Cipriani,Danny Cipriani,NULL,NULL,NULL,NULL,NULL,NULL,1000,1634
20/02/2016,Danny Cipriani, ,NULL,NULL,NULL,NULL,NULL,NULL,1000,1635
27/02/2016,Danny Cipriani,Danny Cipriani,Danny Cipriani,NULL,NULL,NULL,NULL,NULL,1000,1636
05/03/2016,Joe Ford,Joe Ford,Joe Ford,Danny Cipriani,Danny Cipriani,NULL,NULL,NULL,1000,1637
12/03/2016,Danny Cipriani,Tom Arscott,NULL,NULL,NULL,NULL,NULL,NULL,1000,1638
20/03/2016,NULL,NULL,NULL,NULL,NULL,NULL,NULL,NULL,1000,1639
27/03/2016,Danny Cipriani,Danny Cipriani,NULL,NULL,NULL,NULL,NULL,NULL,1000,1640
17/04/2016,Danny Cipriani,NULL,NULL,NULL,NULL,NULL,NULL,NULL,1000,1641
23/04/2016,NULL,NULL,NULL,NULL,NULL,NULL,NULL,NULL,1000,1642
29/04/2016,Danny Cipriani,Danny Cipriani,NULL,NULL,NULL,NULL,NULL,NULL,1000,1643
07/05/2016,Danny Cipriani,Joe Ford,Joe Ford,NULL,NULL,NULL,NULL,NULL,1000,1644
06/09/2014,Danny Cipriani,Danny Cipriani,NULL,NULL,NULL,NULL,NULL,NULL,1000,1645
13/09/2014,Danny Cipriani,NULL,NULL,NULL,NULL,NULL,NULL,NULL,1000,1646
21/09/2019,Rob du Preez,NULL,NULL,NULL,NULL,NULL,NULL,NULL,1000,1647
12/10/2019,Rob du Preez,NULL,NULL,NULL,NULL,NULL,NULL,NULL,1000,1648
05/10/2019,Rob du Preez,NULL,NULL,NULL,NULL,NULL,NULL,NULL,1000,1649
28/09/2019,Tom Curtis,NULL,NULL,NULL,NULL,NULL,NULL,NULL,1000,1650
19/10/2019,Rob du Preez,Rob du Preez,Rob du Preez,NULL,NULL,NULL,NULL,NULL,1000,1651
01/11/2019,AJ MacGinty,NULL,NULL,NULL,NULL,NULL,NULL,NULL,1000,1652
08/11/2019,Rob du Preez,Rob du Preez,Rob du Preez,AJ MacGinty,AJ MacGinty,NULL,NULL,NULL,1000,1653
05/10/2014,Danny Cipriani,NULL,NULL,NULL,NULL,NULL,NULL,NULL,1000,1654
20/09/2014,Danny Cipriani,Danny Cipriani,NULL,NULL,NULL,NULL,NULL,NULL,1000,1655
27/09/2014,NULL,NULL,NULL,NULL,NULL,NULL,NULL,NULL,1000,1656
11/10/2014,Danny Cipriani,NULL,NULL,NULL,NULL,NULL,NULL,NULL,1000,1657
18/10/2014,Danny Cipriani,Danny Cipriani,Danny Cipriani,Danny Cipriani,NULL,NULL,NULL,NULL,1000,1658
26/10/2014,Danny Cipriani,NULL,NULL,NULL,NULL,NULL,NULL,NULL,1000,1659
01/11/2014,Joe Ford,Nick Macleod,NULL,NULL,NULL,NULL,NULL,NULL,1000,1660
09/11/2014,Nick Macleod,Nick Macleod,NULL,NULL,NULL,NULL,NULL,NULL,1000,1661
15/11/2014,Danny Cipriani,NULL,NULL,NULL,NULL,NULL,NULL,NULL,1000,1662
21/11/2014,Danny Cipriani,Danny Cipriani,Danny Cipriani,NULL,NULL,NULL,NULL,NULL,1000,1663
30/11/2014,Danny Cipriani,Danny Cipriani,NULL,NULL,NULL,NULL,NULL,NULL,1000,1664
13/12/2014,Nick Macleod,NULL,NULL,NULL,NULL,NULL,NULL,NULL,1000,1665
06/12/2014,Danny Cipriani,NULL,NULL,NULL,NULL,NULL,NULL,NULL,1000,1666
19/12/2014,Danny Cipriani,Danny Cipriani,NULL,NULL,NULL,NULL,NULL,NULL,1000,1667
27/12/2014,Danny Cipriani,Danny Cipriani,NULL,NULL,NULL,NULL,NULL,NULL,1000,1668
04/01/2015,Joe Ford,Joe Ford,Joe Ford,NULL,NULL,NULL,NULL,NULL,1000,1669
10/01/2015,Danny Cipriani,Danny Cipriani,NULL,NULL,NULL,NULL,NULL,NULL,1000,1670
16/11/2019,NULL,NULL,NULL,NULL,NULL,NULL,NULL,NULL,1000,1671
24/11/2019,AJ MacGinty,AJ MacGinty,NULL,NULL,NULL,NULL,NULL,NULL,1000,1672
30/11/2019,AJ MacGinty,NULL,NULL,NULL,NULL,NULL,NULL,NULL,1000,1673
08/12/2019,Rob du Preez,NULL,NULL,NULL,NULL,NULL,NULL,NULL,1000,1674
15/12/2019,AJ MacGinty,NULL,NULL,NULL,NULL,NULL,NULL,NULL,1000,1675
21/12/2019,Rob du Preez,NULL,NULL,NULL,NULL,NULL,NULL,NULL,1000,1676
28/12/2019,NULL,NULL,NULL,NULL,NULL,NULL,NULL,NULL,1000,1677
03/01/2020,Rob du Preez,Rob du Preez,NULL,NULL,NULL,NULL,NULL,NULL,1000,1678
10/01/2020,AJ MacGinty,AJ MacGinty,James Williams,NULL,NULL,NULL,NULL,NULL,1000,1679
18/01/2020,NULL,NULL,NULL,NULL,NULL,NULL,NULL,NULL,1000,1680
25/01/2020,Rob du Preez,NULL,NULL,NULL,NULL,NULL,NULL,NULL,1000,1681
07/02/2020,Rob du Preez,NULL,NULL,NULL,NULL,NULL,NULL,NULL,1000,1682
15/02/2020,Rob du Preez,NULL,NULL,NULL,NULL,NULL,NULL,NULL,1000,1683
21/02/2020,Rob du Preez,NULL,NULL,NULL,NULL,NULL,NULL,NULL,1000,1684
28/02/2020,Rob du Preez,Rob du Preez,NULL,NULL,NULL,NULL,NULL,NULL,1000,1685
06/03/2020,Rob du Preez,Rob du Preez,NULL,NULL,NULL,NULL,NULL,NULL,1000,1686
22/11/2009,Charlie Hodgson,NULL,NULL,NULL,NULL,NULL,NULL,NULL,1000,1687
05/12/2009,Charlie Hodgson,Charlie Hodgson,NULL,NULL,NULL,NULL,NULL,NULL,1000,1688
30/10/2009,Charlie Hodgson,Charlie Hodgson,Charlie Hodgson,Charlie Hodgson,Charlie Hodgson,Charlie Hodgson,Charlie Hodgson,NULL,1000,1689
24/10/2009,Charlie Hodgson,Charlie Hodgson,Charlie Hodgson,NULL,NULL,NULL,NULL,NULL,1000,1690
02/10/2009,Lee Thomas,NULL,NULL,NULL,NULL,NULL,NULL,NULL,1000,1691
04/09/2009,Lee Thomas,Lee Thomas,Lee Thomas,Lee Thomas,Lee Thomas,NULL,NULL,NULL,1000,1692
13/09/2009,Lee Thomas,Lee Thomas,Lee Thomas,NULL,NULL,NULL,NULL,NULL,1000,1693
18/09/2009,Lee Thomas,Lee Thomas,Lee Thomas,Lee Thomas,NULL,NULL,NULL,NULL,1000,1694
26/09/2009,Lee Thomas,NULL,NULL,NULL,NULL,NULL,NULL,NULL,1000,1695
14/02/2010,Charlie Hodgson,Charlie Hodgson,NULL,NULL,NULL,NULL,NULL,NULL,1000,1696
19/02/2010,Charlie Hodgson,Charlie Hodgson,NULL,NULL,NULL,NULL,NULL,NULL,1000,1697
27/02/2010,Charlie Hodgson,NULL,NULL,NULL,NULL,NULL,NULL,NULL,1000,1698
07/03/2010,NULL,NULL,NULL,NULL,NULL,NULL,NULL,NULL,1000,1699
19/03/2010,Charlie Hodgson,Charlie Hodgson,Charlie Hodgson,Richard Wigglesworth,NULL,NULL,NULL,NULL,1000,1700
28/03/2010,NULL,NULL,NULL,NULL,NULL,NULL,NULL,NULL,1000,1701
02/04/2010,Charlie Hodgson,Charlie Hodgson,NULL,NULL,NULL,NULL,NULL,NULL,1000,1702
17/04/2010,Charlie Hodgson,Charlie Hodgson,NULL,NULL,NULL,NULL,NULL,NULL,1000,1703
23/04/2010,Charlie Hodgson,Charlie Hodgson,Charlie Hodgson,Charlie Hodgson,Charlie Hodgson,NULL,NULL,NULL,1000,1704
08/05/2010,Charlie Hodgson,NULL,NULL,NULL,NULL,NULL,NULL,NULL,1000,1705
03/09/2010,Nick Macleod,Nick Macleod,Nick Macleod,Nick Macleod,Nick Macleod,Nick Macleod,NULL,NULL,1000,1706
12/09/2010,Nick Macleod,Nick Macleod,NULL,NULL,NULL,NULL,NULL,NULL,1000,1707
17/09/2010,Nick Macleod,Nick Macleod,Nick Macleod,NULL,NULL,NULL,NULL,NULL,1000,1708
25/09/2010,Paul Williams,Paul Williams,Paul Williams,NULL,NULL,NULL,NULL,NULL,1000,1709
01/10/2010,Charlie Hodgson,Charlie Hodgson,Charlie Hodgson,Charlie Hodgson,Charlie Hodgson,Charlie Hodgson,Charlie Hodgson,Charlie Hodgson,1000,1710
09/04/2010,Charlie Hodgson,Charlie Hodgson,Charlie Hodgson,NULL,NULL,NULL,NULL,NULL,1000,1711
02/04/2016,Danny Cipriani,Danny Cipriani,Danny Cipriani,NULL,NULL,NULL,NULL,NULL,1000,1712
08/04/2016,Danny Cipriani,Danny Cipriani,Danny Cipriani,NULL,NULL,NULL,NULL,NULL,1000,1713
22/10/2010,Nick Macleod,Nick Macleod,NULL,NULL,NULL,NULL,NULL,NULL,1000,1714
29/01/2010,NULL,NULL,NULL,NULL,NULL,NULL,NULL,NULL,1000,1715
06/02/2010,NULL,NULL,NULL,NULL,NULL,NULL,NULL,NULL,1000,1716
11/10/2009,Nick Macleod,NULL,NULL,NULL,NULL,NULL,NULL,NULL,1000,1717
16/10/2009,Charlie Hodgson,NULL,NULL,NULL,NULL,NULL,NULL,NULL,1000,1718
06/11/2009,Charlie Hodgson,Charlie Hodgson,Charlie Hodgson,NULL,NULL,NULL,NULL,NULL,1000,1719
13/11/2009,Charlie Hodgson,NULL,NULL,NULL,NULL,NULL,NULL,NULL,1000,1720
06/02/2011,NULL,NULL,NULL,NULL,NULL,NULL,NULL,NULL,1000,1721
11/02/2011,NULL,NULL,NULL,NULL,NULL,NULL,NULL,NULL,1000,1722
19/02/2011,Charlie Hodgson,Charlie Hodgson,Charlie Hodgson,NULL,NULL,NULL,NULL,NULL,1000,1723
25/02/2011,Charlie Hodgson,Charlie Hodgson,NULL,NULL,NULL,NULL,NULL,NULL,1000,1724
06/03/2011,Charlie Hodgson,Charlie Hodgson,Charlie Hodgson,NULL,NULL,NULL,NULL,NULL,1000,1725
25/03/2011,Charlie Hodgson,Charlie Hodgson,Charlie Hodgson,Charlie Hodgson,Charlie Hodgson,NULL,NULL,NULL,1000,1726
08/04/2011,Charlie Hodgson,Charlie Hodgson,Charlie Hodgson,Charlie Hodgson,NULL,NULL,NULL,NULL,1000,1727
02/04/2011,Charlie Hodgson,Charlie Hodgson,Charlie Hodgson,Charlie Hodgson,NULL,NULL,NULL,NULL,1000,1728
16/04/2011,Charlie Hodgson,Charlie Hodgson,NULL,NULL,NULL,NULL,NULL,NULL,1000,1729
22/04/2011,Charlie Hodgson,NULL,NULL,NULL,NULL,NULL,NULL,NULL,1000,1730
07/05/2011,Charlie Hodgson,NULL,NULL,NULL,NULL,NULL,NULL,NULL,1000,1731
03/09/2011,Nick Macleod,Nick Macleod,Nick Macleod,NULL,NULL,NULL,NULL,NULL,1000,1732
09/09/2011,Nick Macleod,Nick Macleod,Rob Miller,NULL,NULL,NULL,NULL,NULL,1000,1733
17/09/2011,Nick Macleod,Nick Macleod,Nick Macleod,Nick Macleod,Nick Macleod,NULL,NULL,NULL,1000,1734
15/10/2011,Nick Macleod,Nick Macleod,NULL,NULL,NULL,NULL,NULL,NULL,1000,1735
12/11/2011,Nick Macleod,Nick Macleod,NULL,NULL,NULL,NULL,NULL,NULL,1000,1736
21/10/2011,Nick Macleod,Nick Macleod,NULL,NULL,NULL,NULL,NULL,NULL,1000,1737
18/11/2011,NULL,NULL,NULL,NULL,NULL,NULL,NULL,NULL,1000,1738
08/12/2011,Nick Macleod,NULL,NULL,NULL,NULL,NULL,NULL,NULL,1000,1739
18/12/2011,Nick Macleod,Nick Macleod,NULL,NULL,NULL,NULL,NULL,NULL,1000,1740
23/09/2011,Nick Macleod,Nick Macleod,Nick Macleod,Nick Macleod,NULL,NULL,NULL,NULL,1000,1741
01/10/2011,Nick Macleod,NULL,NULL,NULL,NULL,NULL,NULL,NULL,1000,1742
08/10/2011,Nick Macleod,Nick Macleod,NULL,NULL,NULL,NULL,NULL,NULL,1000,1743
28/10/2011,Nick Macleod,Nick Macleod,NULL,NULL,NULL,NULL,NULL,NULL,1000,1744
06/11/2011,NULL,NULL,NULL,NULL,NULL,NULL,NULL,NULL,1000,1745
25/11/2011,Nick Macleod,Nick Macleod,Nick Macleod,NULL,NULL,NULL,NULL,NULL,1000,1746
03/12/2011,Nick Macleod,Nick Macleod,Nick Macleod,NULL,NULL,NULL,NULL,NULL,1000,1747
26/12/2011,Nick Macleod,Nick Macleod,Nick Macleod,Nick Macleod,Nick Macleod,NULL,NULL,NULL,1000,1748
14/01/2012,NULL,NULL,NULL,NULL,NULL,NULL,NULL,NULL,1000,1749
19/01/2012,Nick Macleod,Nick Macleod,Nick Macleod,NULL,NULL,NULL,NULL,NULL,1000,1750
29/01/2012,NULL,NULL,NULL,NULL,NULL,NULL,NULL,NULL,1000,1751
04/02/2012,Nick Macleod,Nick Macleod,Nick Macleod,Nick Macleod,NULL,NULL,NULL,NULL,1000,1752
01/01/2012,Nick Macleod,Nick Macleod,NULL,NULL,NULL,NULL,NULL,NULL,1000,1753
08/01/2012,Nick Macleod,Nick Macleod,Nick Macleod,Nick Macleod,NULL,NULL,NULL,NULL,1000,1754
10/02/2012,Nick Macleod,Nick Macleod,Nick Macleod,Nick Macleod,Nick Macleod,NULL,NULL,NULL,1000,1755
18/02/2012,Nick Macleod,Nick Macleod,Nick Macleod,Nick Macleod,NULL,NULL,NULL,NULL,1000,1756
24/02/2012,Nick Macleod,NULL,NULL,NULL,NULL,NULL,NULL,NULL,1000,1757
03/03/2012,NULL,NULL,NULL,NULL,NULL,NULL,NULL,NULL,1000,1758
23/03/2012,Nick Macleod,Nick Macleod,Nick Macleod,NULL,NULL,NULL,NULL,NULL,1000,1759
30/03/2012,NULL,NULL,NULL,NULL,NULL,NULL,NULL,NULL,1000,1760
13/04/2012,Nick Macleod,Nick Macleod,Nick Macleod,NULL,NULL,NULL,NULL,NULL,1000,1761
21/04/2012,Nick Macleod,Nick Macleod,Nick Macleod,NULL,NULL,NULL,NULL,NULL,1000,1762
05/05/2012,Tommy Bell,NULL,NULL,NULL,NULL,NULL,NULL,NULL,1000,1763
08/09/2012,Danny Cipriani,Danny Cipriani,Danny Cipriani,NULL,NULL,NULL,NULL,NULL,1000,1764
01/09/2012,Nick Macleod,Nick Macleod,NULL,NULL,NULL,NULL,NULL,NULL,1000,1765
15/09/2012,Danny Cipriani,Danny Cipriani,Danny Cipriani,NULL,NULL,NULL,NULL,NULL,1000,1766
21/09/2012,Danny Cipriani,Danny Cipriani,Danny Cipriani,Nick Macleod,NULL,NULL,NULL,NULL,1000,1767
29/09/2012,Nick Macleod,NULL,NULL,NULL,NULL,NULL,NULL,NULL,1000,1768
05/10/2012,Nick Macleod,NULL,NULL,NULL,NULL,NULL,NULL,NULL,1000,1769
14/10/2012,Nick Macleod,Nick Macleod,Nick Macleod,Nick Macleod,Rob Miller,NULL,NULL,NULL,1000,1770
21/10/2012,Rob Miller,Rob Miller,NULL,NULL,NULL,NULL,NULL,NULL,1000,1771
26/10/2012,Danny Cipriani,Danny Cipriani,NULL,NULL,NULL,NULL,NULL,NULL,1000,1772
02/11/2012,Nick Macleod,Danny Cipriani,Danny Cipriani,NULL,NULL,NULL,NULL,NULL,1000,1773
11/11/2012,Danny Cipriani,Danny Cipriani,Danny Cipriani,NULL,NULL,NULL,NULL,NULL,1000,1774
16/11/2012,Danny Cipriani,Rob Miller,NULL,NULL,NULL,NULL,NULL,NULL,1000,1775
24/11/2012,Danny Cipriani,NULL,NULL,NULL,NULL,NULL,NULL,NULL,1000,1776
30/11/2012,Nick Macleod,Nick Macleod,NULL,NULL,NULL,NULL,NULL,NULL,1000,1777
08/12/2012,Danny Cipriani,Danny Cipriani,NULL,NULL,NULL,NULL,NULL,NULL,1000,1778
16/12/2012,NULL,NULL,NULL,NULL,NULL,NULL,NULL,NULL,1000,1779
23/12/2012,Rob Miller,Rob Miller,NULL,NULL,NULL,NULL,NULL,NULL,1000,1780
28/12/2012,Danny Cipriani,Danny Cipriani,Danny Cipriani,Danny Cipriani,NULL,NULL,NULL,NULL,1000,1781
06/01/2013,Danny Cipriani,Danny Cipriani,Danny Cipriani,Danny Cipriani,NULL,NULL,NULL,NULL,1000,1782
11/01/2013,Danny Cipriani,Danny Cipriani,NULL,NULL,NULL,NULL,NULL,NULL,1000,1783
19/01/2013,NULL,NULL,NULL,NULL,NULL,NULL,NULL,NULL,1000,1784
26/01/2013,Danny Cipriani,Danny Cipriani,Danny Cipriani,Danny Cipriani,NULL,NULL,NULL,NULL,1000,1785
10/03/2013,Danny Cipriani,Danny Cipriani,Danny Cipriani,NULL,NULL,NULL,NULL,NULL,1000,1786
17/03/2013,Danny Cipriani,Danny Cipriani,Danny Cipriani,NULL,NULL,NULL,NULL,NULL,1000,1787
02/02/2013,NULL,NULL,NULL,NULL,NULL,NULL,NULL,NULL,1000,1788
08/02/2013,Rob Miller,Danny Cipriani,NULL,NULL,NULL,NULL,NULL,NULL,1000,1789
17/02/2013,Danny Cipriani,Danny Cipriani,Danny Cipriani,Nick Macleod,NULL,NULL,NULL,NULL,1000,1790
22/02/2013,NULL,NULL,NULL,NULL,NULL,NULL,NULL,NULL,1000,1791
02/03/2013,Nick Macleod,NULL,NULL,NULL,NULL,NULL,NULL,NULL,1000,1792
22/03/2013,Nick Macleod,Nick Macleod,Nick Macleod,NULL,NULL,NULL,NULL,NULL,1000,1793
31/03/2013,Nick Macleod,Nick Macleod,Nick Macleod,NULL,NULL,NULL,NULL,NULL,1000,1794
12/04/2013,Nick Macleod,NULL,NULL,NULL,NULL,NULL,NULL,NULL,1000,1795
20/04/2013,NULL,NULL,NULL,NULL,NULL,NULL,NULL,NULL,1000,1796
04/05/2013,Nick Macleod,Nick Macleod,Nick Macleod,NULL,NULL,NULL,NULL,NULL,1000,1797
07/09/2013,Nick Macleod,Tom Arscott,Tom Arscott,NULL,NULL,NULL,NULL,NULL,1000,1798
13/09/2013,Nick Macleod,Nick Macleod,Nick Macleod,NULL,NULL,NULL,NULL,NULL,1000,1799
20/09/2013,Danny Cipriani,Danny Cipriani,Danny Cipriani,Danny Cipriani,NULL,NULL,NULL,NULL,1000,1800
27/09/2013,NULL,NULL,NULL,NULL,NULL,NULL,NULL,NULL,1000,1801
04/10/2013,Danny Cipriani,Danny Cipriani,Danny Cipriani,NULL,NULL,NULL,NULL,NULL,1000,1802
10/10/2013,Joe Ford,Joe Ford,Joe Ford,NULL,NULL,NULL,NULL,NULL,1000,1803
19/10/2013,Danny Cipriani,NULL,NULL,NULL,NULL,NULL,NULL,NULL,1000,1804
26/10/2013,Danny Cipriani,NULL,NULL,NULL,NULL,NULL,NULL,NULL,1000,1805
01/11/2013,Danny Cipriani,Danny Cipriani,Danny Cipriani,NULL,NULL,NULL,NULL,NULL,1000,1806
08/11/2013,Joe Ford,Nick Macleod,NULL,NULL,NULL,NULL,NULL,NULL,1000,1807
15/11/2013,Nick Macleod,NULL,NULL,NULL,NULL,NULL,NULL,NULL,1000,1808
25/01/2014,Joe Ford,Joe Ford,NULL,NULL,NULL,NULL,NULL,NULL,1000,1809
31/01/2014,Joe Ford,NULL,NULL,NULL,NULL,NULL,NULL,NULL,1000,1810
05/12/2013,NULL,NULL,NULL,NULL,NULL,NULL,NULL,NULL,1000,1811
13/12/2013,Danny Cipriani,Danny Cipriani,NULL,NULL,NULL,NULL,NULL,NULL,1000,1812
10/01/2014,Danny Cipriani,Danny Cipriani,NULL,NULL,NULL,NULL,NULL,NULL,1000,1813
18/01/2014,Rob Miller,Rob Miller,Rob Miller,NULL,NULL,NULL,NULL,NULL,1000,1814
03/04/2014,NULL,NULL,NULL,NULL,NULL,NULL,NULL,NULL,1000,1815
22/11/2013,NULL,NULL,NULL,NULL,NULL,NULL,NULL,NULL,1000,1816
30/11/2013,Rob Miller,Danny Cipriani,Nick Macleod,NULL,NULL,NULL,NULL,NULL,1000,1817
20/12/2013,Danny Cipriani,NULL,NULL,NULL,NULL,NULL,NULL,NULL,1000,1818
28/12/2013,Nick Macleod,Joe Ford,NULL,NULL,NULL,NULL,NULL,NULL,1000,1819
03/01/2014,Nick Macleod,Danny Cipriani,Danny Cipriani,NULL,NULL,NULL,NULL,NULL,1000,1820
07/02/2014,NULL,NULL,NULL,NULL,NULL,NULL,NULL,NULL,1000,1821
14/02/2014,Danny Cipriani,NULL,NULL,NULL,NULL,NULL,NULL,NULL,1000,1822
22/02/2014,Danny Cipriani,Danny Cipriani,Danny Cipriani,Nick Macleod,NULL,NULL,NULL,NULL,1000,1823
01/03/2014,Danny Cipriani,Danny Cipriani,Danny Cipriani,NULL,NULL,NULL,NULL,NULL,1000,1824
22/03/2014,NULL,NULL,NULL,NULL,NULL,NULL,NULL,NULL,1000,1825
28/03/2014,Danny Cipriani,Danny Cipriani,Danny Cipriani,Danny Cipriani,NULL,NULL,NULL,NULL,1000,1826
11/04/2014,NULL,NULL,NULL,NULL,NULL,NULL,NULL,NULL,1000,1827
19/04/2014,NULL,NULL,NULL,NULL,NULL,NULL,NULL,NULL,1000,1828
03/05/2014,Danny Cipriani,NULL,NULL,NULL,NULL,NULL,NULL,NULL,1000,1829
10/05/2014,Joe Ford,Joe Ford,NULL,NULL,NULL,NULL,NULL,NULL,1000,1830
01/02/2015,Joe Ford,Joe Ford,Joe Ford,Joe Ford,NULL,NULL,NULL,NULL,1000,1831
07/02/2015,NULL,NULL,NULL,NULL,NULL,NULL,NULL,NULL,1000,1832
15/02/2015,NULL,NULL,NULL,NULL,NULL,NULL,NULL,NULL,1000,1833
21/02/2015,NULL,NULL,NULL,NULL,NULL,NULL,NULL,NULL,1000,1834
28/02/2015,Nick Macleod,NULL,NULL,NULL,NULL,NULL,NULL,NULL,1000,1835
06/03/2015,Danny Cipriani,NULL,NULL,NULL,NULL,NULL,NULL,NULL,1000,1836
29/03/2015,Danny Cipriani,Danny Cipriani,NULL,NULL,NULL,NULL,NULL,NULL,1000,1837
12/04/2015,Danny Cipriani,Danny Cipriani,NULL,NULL,NULL,NULL,NULL,NULL,1000,1838
25/04/2015,Danny Cipriani,Danny Cipriani,NULL,NULL,NULL,NULL,NULL,NULL,1000,1839
09/05/2015,Danny Cipriani,NULL,NULL,NULL,NULL,NULL,NULL,NULL,1000,1840
16/05/2015,Danny Cipriani,Danny Cipriani,NULL,NULL,NULL,NULL,NULL,NULL,1000,1841
17/01/2015,Danny Cipriani,Danny Cipriani,NULL,NULL,NULL,NULL,NULL,NULL,1000,1842
25/01/2015,Nick Macleod,NULL,NULL,NULL,NULL,NULL,NULL,NULL,1000,1843
26/10/2019,NULL,NULL,NULL,NULL,NULL,NULL,NULL,NULL,1000,1844
02/12/2018,NULL,NULL,NULL,NULL,NULL,NULL,NULL,NULL,1000,1845
02/09/2005,Charlie Hodgson,Charlie Hodgson,Charlie Hodgson,Charlie Hodgson, , , , ,1000,1846
10/09/2005,Daniel Larrechea,Daniel Larrechea, , , , , , ,1000,1847
16/09/2005,Charlie Hodgson, , , , , , , ,1000,1848
25/09/2005,Charlie Hodgson,Charlie Hodgson,Charlie Hodgson,Charlie Hodgson, , , , ,1000,1849
14/10/2005,Charlie Hodgson,Charlie Hodgson,Charlie Hodgson,Charlie Hodgson,Charlie Hodgson,Charlie Hodgson, , ,1000,1850
05/11/2005,Daniel Larrechea,Daniel Larrechea, , , , , , ,1000,1851
11/11/2005,Valentin Courrent,Valentin Courrent, , , , , , ,1000,1852
18/11/2005,Valentin Courrent,Daniel Larrechea,Daniel Larrechea,Daniel Larrechea, , , , ,1000,1853
27/11/2005, , , , , , , , ,1000,1854
26/12/2005,Charlie Hodgson,Charlie Hodgson,Charlie Hodgson,Charlie Hodgson,Charlie Hodgson, , , ,1000,1855
02/01/2006,Charlie Hodgson,Charlie Hodgson,Charlie Hodgson, , , , , ,1000,1856
08/01/2006,Charlie Hodgson,Charlie Hodgson,Charlie Hodgson,Charlie Hodgson,Charlie Hodgson,Charlie Hodgson,Charlie Hodgson, ,1000,1857
28/01/2006,Charlie Hodgson,Charlie Hodgson,Charlie Hodgson,Charlie Hodgson,Charlie Hodgson, , , ,1000,1859
11/02/2006,Valentin Courrent,Valentin Courrent, , , , , , ,1000,1860
17/02/2006,Valentin Courrent,Charlie Hodgson,Charlie Hodgson, , , , , ,1000,1861
26/02/2006,Richard Wigglesworth,Richard Wigglesworth,Richard Wigglesworth, , , , , ,1000,1862
10/03/2006,Valentin Courrent,Valentin Courrent,Valentin Courrent, , , , , ,1000,1863
25/03/2006,Charlie Hodgson,Charlie Hodgson,Charlie Hodgson,Charlie Hodgson, , , , ,1000,1864
08/04/2006,Charlie Hodgson,Charlie Hodgson,Charlie Hodgson,Charlie Hodgson, , , , ,1000,1865
16/04/2006,Valentin Courrent,Valentin Courrent, , , , , , ,1000,1866
28/04/2006,Charlie Hodgson,Charlie Hodgson,Charlie Hodgson,Charlie Hodgson, , , , ,1000,1867
06/05/2006,Valentin Courrent, , , , , , , ,1000,1868
14/05/2006,Charlie Hodgson,Charlie Hodgson,Charlie Hodgson,Charlie Hodgson,Charlie Hodgson, , , ,1000,1869
27/05/2006,Charlie Hodgson,Charlie Hodgson,Charlie Hodgson,Charlie Hodgson,Charlie Hodgson,Charlie Hodgson, , ,1000,1870
02/10/2005,Daniel Larrechea,Daniel Larrechea,Daniel Larrechea, , , , , ,1000,2870
07/10/2005, , , , , , , , ,1000,2871
02/12/2005,David Blair,David Blair,David Blair, , , , , ,1000,2872
21/10/2005,Charlie Hodgson,Charlie Hodgson,Charlie Hodgson,Charlie Hodgson,Charlie Hodgson, , , ,1000,2873
28/10/2005,Charlie Hodgson, , , , , , , ,1000,2874
09/12/2005,Charlie Hodgson,Charlie Hodgson, , , , , , ,1000,2875
16/12/2005,Charlie Hodgson,Charlie Hodgson,Charlie Hodgson, , , , , ,1000,2876
15/01/2006,Charlie Hodgson,Charlie Hodgson, , , , , , ,1000,2877
21/01/2006,Charlie Hodgson,Charlie Hodgson,Charlie Hodgson, , , , , ,1000,2878
02/04/2006,Charlie Hodgson,Charlie Hodgson, , , , , , ,1000,2879
07/09/2008,Luke McAlister,Luke McAlister,Luke McAlister, , , , , ,1000,2880
12/09/2008,Charlie Hodgson,Charlie Hodgson,Luke McAlister,Luke McAlister,Luke McAlister, , , ,1000,2881
19/09/2008,Luke McAlister,Luke McAlister,Luke McAlister, , , , , ,1000,2882
26/09/2008,Luke McAlister,Luke McAlister,Lee Thomas, , , , , ,1000,2885
01/10/2008,Charlie Hodgson,Charlie Hodgson, , , , , , ,1000,2886
14/11/2008,Charlie Hodgson,Charlie Hodgson,Charlie Hodgson, , , , , ,1000,2887
23/11/2008,Charlie Hodgson,Charlie Hodgson, , , , , , ,1000,2888
28/11/2008,Luke McAlister,Luke McAlister, , , , , , ,1000,2889
20/12/2008,Luke McAlister, , , , , , , ,1000,2890
14/08/2020,AJ MacGinty, , , , , , , ,1000,3882
21/08/2020,Rob Du Preez, , , , , , , ,1000,3883
25/08/2020,AJ MacGinty,AJ MacGinty,AJ MacGinty,AJ MacGinty,AJ MacGinty, , , ,1000,3884
29/08/2020, , , , , , , , ,NULL,3885
26/12/2008,Charlie Hodgson, , , , , , , ,2518,3886
09/01/2009,Charlie Hodgson,Charlie Hodgson, , , , , , ,2519,3887
03/01/2009,Lee Thomas,Lee Thomas, , , , , , ,2523,3888
03/08/2009,Charlie Hodgson,Charlie Hodgson,Charlie Hodgson,Charlie Hodgson,Charlie Hodgson,Charlie Hodgson, , ,2524,3889
04/04/2009,Charlie Hodgson,Charlie Hodgson,Charlie Hodgson,Charlie Hodgson, , , , ,2528,3890
31/01/2009,Charlie Hodgson,Charlie Hodgson, , , , , , ,2520,3894
14/02/2009,Charlie Hodgson, , , , , , , ,2521,3895
20/02/2009,Charlie Hodgson,Charlie Hodgson, , , , , , ,2522,3896
01/03/2009,Lee Thomas,Lee Thomas, , , , , , ,2523,3897
08/03/2009,Charlie Hodgson,Charlie Hodgson,Charlie Hodgson,Charlie Hodgson,Charlie Hodgson,Charlie Hodgson, , ,2524,3898
14/03/2009, , , , , , , , ,2525,3899
22/03/2009,Charlie Hodgson,Charlie Hodgson,Charlie Hodgson,Charlie Hodgson,Charlie Hodgson, , , ,2526,3900
27/03/2009,Charlie Hodgson,Charlie Hodgson, , , , , , ,2527,3901
17/04/2009,Charlie Hodgson, , , , , , , ,2529,3903
25/04/2009, , , , , , , , ,2530,3904
24/08/1997, , , , , , , , ,2531,3905
30/08/1997,Shane Howarth,Shane Howarth,Shane Howarth,Shane Howarth, , , , ,2532,3906
18/10/1997,Shane Howarth,Shane Howarth,Shane Howarth,Shane Howarth, , , , ,2533,3907
25/10/1997,Shane Howarth,Shane Howarth, , , , , , ,2534,3908
02/11/1997,Shane Howarth,Shane Howarth,Shane Howarth, , , , , ,2535,3909
09/11/1997, , , , , , , , ,2536,3910
13/12/1997,Shane Howarth, , , , , , , ,2537,3911
27/12/1997,Shane Howarth,Shane Howarth, , , , , , ,2538,3912
30/12/1997,Shane Howarth,Shane Howarth,Shane Howarth,Shane Howarth, , , , ,2539,3913
10/01/1998, , , , , , , , ,2540,3914
01/02/1998,Simon Mannix,Simon Mannix,Simon Mannix,Simon Mannix, , , , ,2541,3915
15/02/1998,Shane Howarth,Simon Mannix,Simon Mannix, , , , , ,2542,3916
24/02/1998,Simon Mannix,Simon Mannix, , , , , , ,2543,3917
10/03/1998,Shane Howarth,Shane Howarth, , , , , , ,2544,3918
14/03/1998,Shane Howarth,Shane Howarth, , , , , , ,2545,3919
11/04/1998,Shane Howarth,Shane Howarth, , , , , , ,2546,3920
15/04/1998,Shane Howarth,Shane Howarth, , , , , , ,2547,3921
18/04/1998, , , , , , , , ,2548,3922
25/04/1998,Shane Howarth, , , , , , , ,2549,3923
02/05/1998, , , , , , , , ,2550,3924
10/05/1998,Shane Howarth,Shane Howarth,Shane Howarth, , , , , ,2551,3925
17/05/1998,Shane Howarth, , , , , , , ,2552,3926
05/09/1998,Shane Howarth, , , , , , , ,2553,3927
12/09/1998,Shane Howarth,Shane Howarth, , , , , , ,2554,3928
20/09/1998, , , , , , , , ,2555,3929
26/09/1998,Shane Howarth,Shane Howarth,Shane Howarth,Shane Howarth,Shane Howarth,Shane Howarth, , ,2556,3930
03/10/1998,Shane Howarth, , , , , , , ,2557,3931
17/10/1998,Shane Howarth, , , , , , , ,2558,3932
24/10/1998,Shane Howarth, , , , , , , ,2559,3933
28/10/1998,Shane Howarth, , , , , , , ,2560,3934
07/11/1998,Shane Howarth,Shane Howarth,Shane Howarth,Shane Howarth, , , , ,2561,3935
13/11/1998,Steve Davidson,Steve Davidson, , , , , , ,2562,3936
22/11/1998, , , , , , , , ,2563,3937
12/12/1998, , , , , , , , ,2564,3938
20/12/1998,Shane Howarth, , , , , , , ,2565,3939
27/12/1998,Shane Howarth, , , , , , , ,2566,3940
02/01/1999, , , , , , , , ,2567,3941
05/01/1999,Shane Howarth,Shane Howarth, , , , , , ,2568,3942
09/01/1999, , , , , , , , ,2569,3943
23/01/1999,Shane Howarth, , , , , , , ,2570,3944
06/02/1999, , , , , , , , ,2571,3945
14/02/1999, , , , , , , , ,2572,3946
27/02/1999,Shane Howarth,Shane Howarth, , , , , , ,2573,3947
13/03/1999,Shane Howarth,Shane Howarth,Shane Howarth,Shane Howarth,Shane Howarth, , , ,2574,3948
28/03/1999,Shane Howarth,Shane Howarth,Shane Howarth,Shane Howarth, , , , ,2575,3949
03/04/1999,Shane Howarth,Shane Howarth, , , , , , ,2576,3950
24/04/1999, , , , , , , , ,2577,3951
01/05/1999,Shane Howarth, , , , , , , ,2578,3952
08/05/1999,Shane Howarth, , , , , , , ,2579,3953
05/09/2020,Faf de Klerk,AJ MacGinty,AJ MacGinty, , , , , ,NULL,3954
09/09/2020,Rob du Preez, , , , , , , ,NULL,3955
13/09/2020,AJ Macginty, , , , , , , ,NULL,3956
29/09/2020, , , , , , , , ,NULL,3957
07/10/2020, , , , , , , , ,NULL,3958
11/09/1999,Steve Davidson,Steve Davidson,Steve Davidson, , , , , ,NULL,3959
25/09/1999,Steve Davidson, , , , , , , ,NULL,3960
02/10/1999,Steve Davidson,Steve Davidson,Steve Davidson, , , , , ,NULL,3961
10/10/1999,Joe Shaw, , , , , , , ,NULL,3962
17/10/1999,Steve Davidson,Steve Davidson,Steve Davidson, , , , , ,NULL,3963
29/10/1999, , , , , , , , ,NULL,3964
05/11/1999,Steve Davidson,Steve Davidson,Steve Davidson, , , , , ,NULL,3965
13/11/1999,Steve Davidson, , , , , , , ,NULL,3966
04/12/1999,Nicky Little, , , , , , , ,NULL,3967
26/12/1999,Nicky Little,Nicky Little,Nicky Little,Nicky Little, , , , ,NULL,3968
29/12/1999,Nicky Little,Nicky Little, , , , , , ,NULL,3969
23/01/2000,Nicky Little, , , , , , , ,NULL,3970
12/02/2000,Nicky Little,Nicky Little, , , , , , ,NULL,3971
08/03/2000,Nicky Little,Nicky Little, , , , , , ,NULL,3972
12/03/2000, , , , , , , , ,NULL,3973
25/03/2000, , , , , , , , ,NULL,3974
08/04/2000,Nicky Little,Nicky Little,Nicky Little,Nicky Little, , , , ,NULL,3975
15/04/2000,Nicky Little,Nicky Little, , , , , , ,NULL,3976
22/04/2000,Nicky Little, , , , , , , ,NULL,3977
30/04/2000, , , , , , , , ,NULL,3978
06/05/2000,Nicky Little,Nicky Little,Nicky Little, , , , , ,NULL,3979
14/05/2000,Paul Knight,Joe Shaw,Paul Knight,Joe Shaw, , , , ,NULL,3980
09/02/2002,Charlie Hodgson,Charlie Hodgson,Charlie Hodgson,Charlie Hodgson, , , , ,NULL,4003
23/02/2002, , , , , , , , ,NULL,4004
09/03/2002,Vaughan Going,Vaughan Going,Vaughan Going, , , , , ,NULL,4005
16/03/2002,Charlie Hodgson, , , , , , , ,NULL,4006
31/03/2002, , , , , , , , ,NULL,4007
13/04/2002,Charlie Hodgson,Charlie Hodgson,Charlie Hodgson,Charlie Hodgson,Charlie Hodgson, , , ,NULL,4008
19/04/2002,Charlie Hodgson,Charlie Hodgson,Charlie Hodgson, , , , , ,NULL,4009
05/05/2002,Charlie Hodgson, , , , , , , ,NULL,4010
08/05/2002,Charlie Hodgson,Charlie Hodgson,Charlie Hodgson, , , , , ,NULL,4011
12/05/2002, , , , , , , , ,NULL,4012
30/08/2002,Charlie Hodgson,Charlie Hodgson,Charlie Hodgson,Charlie Hodgson,Charlie Hodgson,Charlie Hodgson, , ,NULL,4013
07/09/2002,Charlie Hodgson, , , , , , , ,NULL,4014
13/09/2002,Charlie Hodgson,Charlie Hodgson,Charlie Hodgson,Charlie Hodgson,Charlie Hodgson, , , ,NULL,4015
20/09/2002,Charlie Hodgson,Charlie Hodgson,Charlie Hodgson,Charlie Hodgson, , , , ,NULL,4016
27/09/2002,Charlie Hodgson, , , , , , , ,NULL,4017
05/10/2002,Charlie Hodgson,Charlie Hodgson,Charlie Hodgson, , , , , ,NULL,4018
27/10/2002,Nick Walshe,Nick Walshe, , , , , , ,NULL,4019
01/11/2002,Nick Walshe,Nick Walshe, , , , , , ,NULL,4020
10/11/2002,Nick Walshe,Nick Walshe, , , , , , ,NULL,4021
15/11/2002,Nick Walshe,Nick Walshe, , , , , , ,NULL,4022
24/11/2002,Nick Walshe,Nick Walshe, , , , , , ,NULL,4023
29/11/2002,Jos Baxendell,Jos Baxendell, , , , , , ,NULL,4024
29/12/2002,Charlie Hodgson,Charlie Hodgson, , , , , , ,NULL,4025
03/01/2003,Charlie Hodgson,Charlie Hodgson,Charlie Hodgson, , , , , ,NULL,4026
02/02/2003,Charlie Hodgson,Charlie Hodgson, , , , , , ,NULL,4027
08/02/2003,Charlie Hodgson,Charlie Hodgson,Charlie Hodgson,Charlie Hodgson, , , , ,NULL,4028
15/03/2003,Jos Baxendell, , , , , , , ,NULL,4029
06/04/2003,Jos Baxendell,Jos Baxendell, , , , , , ,NULL,4030
18/04/2003,Jos Baxendell,Jos Baxendell, , , , , , ,NULL,4031
26/04/2003,Jos Baxendell, , , , , , , ,NULL,4032
03/05/2003,Jos Baxendell,Jos Baxendell,Jos Baxendell, , , , , ,NULL,4033
10/05/2003, , , , , , , , ,NULL,4034
12/09/2003,Jos Baxendell,Jos Baxendell, , , , , , ,NULL,4035
21/09/2003,Jos Baxendell, , , , , , , ,NULL,4036
26/09/2003,Braam van Straaten,Braam van Straaten,Braam van Straaten, , , , , ,NULL,4037
04/10/2003,Braam van Straaten,Braam van Straaten,Braam van Straaten,Braam van Straaten,Braam van Straaten, , , ,NULL,4038
10/10/2003,Braam van Straaten,Braam van Straaten,Braam van Straaten,Braam van Straaten,Braam van Straaten, , , ,NULL,4039
17/10/2003,Braam van Straaten,Braam van Straaten,Braam van Straaten, , , , , ,NULL,4040
25/10/2003,Braam van Straaten,Braam van Straaten,Braam van Straaten, , , , , ,NULL,4041
31/10/2003,Braam van Straaten,Braam van Straaten,Braam van Straaten,Braam van Straaten, , , , ,NULL,4042
08/11/2003,Braam van Straaten,Braam van Straaten, , , , , , ,NULL,4043
21/11/2003,Braam van Straaten,Braam van Straaten,Braam van Straaten,Braam van Straaten, , , , ,NULL,4044
30/11/2003,Braam van Straaten, , , , , , , ,NULL,4045
19/12/2003,Braam van Straaten,Braam van Straaten, , , , , , ,NULL,4046
27/12/2003,Charlie Hodgson,Charlie Hodgson,Charlie Hodgson, , , , , ,NULL,4047
04/01/2004,Charlie Hodgson, , , , , , , ,NULL,4048
06/02/2004,Mike Hercus, , , , , , , ,NULL,4049
14/02/2004, , , , , , , , ,NULL,4050
21/02/2004, , , , , , , , ,NULL,4051
26/03/2004,Mike Hercus, , , , , , , ,NULL,4052
03/04/2004, , , , , , , , ,NULL,4053
23/04/2004,Charlie Hodgson, , , , , , , ,NULL,4054
02/05/2004,Charlie Hodgson,Charlie Hodgson,Charlie Hodgson, , , , , ,NULL,4055
08/05/2004,Charlie Hodgson,Charlie Hodgson,Charlie Hodgson, , , , , ,NULL,4056
05/09/2004,Charlie Hodgson,Charlie Hodgson, , , , , , ,NULL,4057
11/09/2004,Charlie Hodgson,Charlie Hodgson, , , , , , ,NULL,4058
17/09/2004,Charlie Hodgson,Charlie Hodgson,Charlie Hodgson,Charlie Hodgson, , , , ,NULL,4059
24/09/2004,Charlie Hodgson, , , , , , , ,NULL,4060
03/10/2004,Charlie Hodgson,Charlie Hodgson, , , , , , ,NULL,4061
08/10/2004,Charlie Hodgson,Charlie Hodgson,Charlie Hodgson, , , , , ,NULL,4062
16/10/2004,Charlie Hodgson,Charlie Hodgson,Charlie Hodgson, , , , , ,NULL,4063
05/11/2004,Charlie Hodgson,Charlie Hodgson, , , , , , ,NULL,4064
13/11/2004,Mike Hercus,Mike Hercus, , , , , , ,NULL,4065
19/11/2004,Byron Hayward,Byron Hayward, , , , , , ,NULL,4066
26/11/2004,Byron Hayward,Byron Hayward,Byron Hayward, , , , , ,NULL,4067
27/12/2004, , , , , , , , ,NULL,4068
02/01/2005,Charlie Hodgson,Charlie Hodgson,Charlie Hodgson,Charlie Hodgson,Charlie Hodgson, , , ,NULL,4069
29/01/2005,Charlie Hodgson,Charlie Hodgson,Charlie Hodgson, , , , , ,NULL,4070
06/02/2005,Mike Hercus,Mike Hercus, , , , , , ,NULL,4071
18/02/2005,Charlie Hodgson,Charlie Hodgson,Charlie Hodgson, , , , , ,NULL,4072
25/02/2005,Mike Hercus, , , , , , , ,NULL,4073
13/03/2005,Mike Hercus,Mike Hercus,Mike Hercus,Mike Hercus, , , , ,NULL,4074
25/03/2005,Mike Hercus,Mike Hercus, , , , , , ,NULL,4075
09/04/2005,Mike Hercus, , , , , , , ,NULL,4076
15/04/2005,Charlie Hodgson,Charlie Hodgson,Charlie Hodgson, , , , , ,NULL,4077
30/04/2005,Charlie Hodgson,Charlie Hodgson,Charlie Hodgson, , , , , ,NULL,4078
07/05/2005,Charlie Hodgson, , , , , , , ,NULL,4079
03/09/2006,Charlie Hodgson,Charlie Hodgson,Charlie Hodgson, , , , , ,NULL,4080
09/09/2006,Charlie Hodgson,Charlie Hodgson,Charlie Hodgson,Charlie Hodgson, , , , ,NULL,4081
15/09/2006,Charlie Hodgson,Charlie Hodgson, , , , , , ,NULL,4082
22/09/2006,Charlie Hodgson,Charlie Hodgson,Charlie Hodgson,Charlie Hodgson,Charlie Hodgson, , , ,NULL,4083
15/10/2006,Charlie Hodgson, , , , , , , ,NULL,4084
03/11/2006,Daniel Larrechea,Daniel Larrechea,Daniel Larrechea,Daniel Larrechea,Lee Thomas, , , ,NULL,4085
10/11/2006,Daniel Larrechea,Daniel Larrechea, , , , , , ,NULL,4086
17/11/2006,Daniel Larrechea,Daniel Larrechea,Daniel Larrechea,Daniel Larrechea,Daniel Larrechea,Lee Thomas, , ,NULL,4087
24/11/2006,Daniel Larrechea,Daniel Larrechea,Daniel Larrechea, , , , , ,NULL,4088
22/12/2006,Lee Thomas,Lee Thomas,Lee Thomas, , , , , ,NULL,4089
26/12/2006,Lee Thomas, , , , , , , ,NULL,4090
01/01/2007,Daniel Larrechea,Daniel Larrechea, , , , , , ,NULL,4091
06/01/2007,Richard Wigglesworth, , , , , , , ,NULL,4092
27/01/2007,Geraint Rhys Jones, , , , , , , ,NULL,4093
18/02/2007,Geraint Rhys Jones,Geraint Rhys Jones, , , , , , ,NULL,4094
23/02/2007,Lee Thomas,Lee Thomas,Lee Thomas, , , , , ,NULL,4095
04/03/2007,Lee Thomas,Lee Thomas,Geraint Rhys Jones, , , , , ,NULL,4096
09/03/2007,Daniel Larrechea,Daniel Larrechea,Daniel Larrechea, , , , , ,NULL,4097
17/03/2007,Daniel Larrechea,Lee Thomas, , , , , , ,NULL,4098
06/04/2007,Lee Thomas,Lee Thomas,Lee Thomas,Lee Thomas, , , , ,NULL,4099
13/04/2007,Lee Thomas,Lee Thomas, , , , , , ,NULL,4100
28/04/2007, , , , , , , , ,NULL,4101
16/09/2007, , , , , , , , ,NULL,4102
23/09/2007,Charlie Hodgson,Charlie Hodgson,Charlie Hodgson, , , , , ,NULL,4103
29/09/2007,Charlie Hodgson,Charlie Hodgson,Charlie Hodgson, , , , , ,NULL,4104
05/10/2007,Charlie Hodgson, , , , , , , ,NULL,4105
13/10/2007, , , , , , , , ,NULL,4106
19/10/2007,Charlie Hodgson,Charlie Hodgson, , , , , , ,NULL,4107
23/11/2007,Charlie Hodgson,Luke McAlister,Luke McAlister,Luke McAlister, , , , ,NULL,4108
23/12/2007,Charlie Hodgson,Charlie Hodgson,Charlie Hodgson,Luke McAlister, , , , ,NULL,4109
30/12/2007, , , , , , , , ,NULL,4110
06/01/2008,Luke McAlister,Luke McAlister,Luke McAlister,Luke McAlister, , , , ,NULL,4111
25/01/2008,Charlie Hodgson,Luke McAlister, , , , , , ,NULL,4112
15/02/2008,Charlie Hodgson,Charlie Hodgson,Charlie Hodgson,Charlie Hodgson,Charlie Hodgson, , , ,NULL,4113
23/02/2008,Luke McAlister,Luke McAlister, , , , , , ,NULL,4114
29/02/2008,Charlie Hodgson,Charlie Hodgson,Charlie Hodgson,Charlie Hodgson, , , , ,NULL,4115
09/03/2008,Luke McAlister,Luke McAlister, , , , , , ,NULL,4116
14/03/2008,Charlie Hodgson,Charlie Hodgson,Charlie Hodgson,Charlie Hodgson, , , , ,NULL,4117
28/03/2008,Charlie Hodgson,Charlie Hodgson,Charlie Hodgson,Charlie Hodgson, , , , ,NULL,4118
11/04/2008, , , , , , , , ,NULL,4119
15/04/2008,Charlie Hodgson,Charlie Hodgson,Charlie Hodgson,Charlie Hodgson, , , , ,NULL,4120
20/04/2008,Charlie Hodgson, , , , , , , ,NULL,4121
04/05/2008,Charlie Hodgson,Charlie Hodgson,Charlie Hodgson, , , , , ,NULL,4122
10/05/2008, , , , , , , , ,NULL,4123
26/10/2007, , , , , , , , ,NULL,4124
02/11/2007, , , , , , , , ,NULL,4125
30/11/2007, , , , , , , , ,NULL,4126
02/09/2001,Charlie Hodgson,Charlie Hodgson,Charlie Hodgson, , , , , ,NULL,4127
08/09/2001,Charlie Hodgson,Charlie Hodgson, , , , , , ,NULL,4128
16/09/2001,Charlie Hodgson,Charlie Hodgson,Charlie Hodgson,Charlie Hodgson,Charlie Hodgson,Charlie Hodgson, , ,NULL,4129
22/09/2001,Charlie Hodgson,Charlie Hodgson,Charlie Hodgson, , , , , ,NULL,4130
13/10/2001,Charlie Hodgson, , , , , , , ,NULL,4131
20/10/2001,Charlie Hodgson,Charlie Hodgson, , , , , , ,NULL,4132
11/11/2001,Charlie Hodgson, , , , , , , ,NULL,4133
17/11/2001,Vaughan Going, , , , , , , ,NULL,4134
25/11/2001,Charlie Hodgson,Charlie Hodgson,Charlie Hodgson, , , , , ,NULL,4135
01/12/2001,Charlie Hodgson,Charlie Hodgson,Charlie Hodgson, , , , , ,NULL,4136
08/12/2001,Charlie Hodgson,Charlie Hodgson,Charlie Hodgson,Charlie Hodgson, , , , ,NULL,4137
27/12/2001,Charlie Hodgson, , , , , , , ,NULL,4138
NULL, , , , , , , , ,NULL,4139
20/11/2020,Rob Du Preez,AJ MacGinty, , , , , , ,NULL,4140
27/11/2020,AJ MacGinty, , , , , , , ,NULL,4141
06/12/2020,AJ MacGinty,AJ MacGinty,AJ MacGinty, , , , , ,NULL,4142
12/12/2020,Rob Du Preez, , , , , , , ,NULL,4143
19/12/2020,AJ MacGinty,AJ MacGinty,AJ MacGinty, , , , , ,NULL,4144
27/12/2020,AJ MacGinty,AJ MacGinty,AJ MacGinty, , , , , ,NULL,4145
02/01/2021,AJ MacGinty,AJ MacGinty,AJ MacGinty,AJ MacGinty,AJ MacGinty, , , ,NULL,4146
NULL, , , , , , , , ,NULL,4147
NULL, , , , , , , , ,NULL,4148
NULL, , , , , , , , ,NULL,4149
NULL, , , , , , , , ,NULL,4150
NULL, , , , , , , , ,NULL,4151
20/11/2020,Rob Du Preez,AJ MacGinty, , , , , , ,NULL,4152
27/11/2020,AJ MacGinty, , , , , , , ,NULL,4153
06/12/2020,AJ MacGinty,AJ MacGinty,AJ MacGinty, , , , , ,NULL,4154
12/12/2020,Rob Du Preez, , , , , , , ,NULL,4155
19/12/2020,AJ MacGinty,AJ MacGinty,AJ MacGinty, , , , , ,NULL,4156
27/12/2020,AJ MacGinty,AJ MacGinty,AJ MacGinty, , , , , ,NULL,4157
02/01/2021,AJ MacGinty,AJ MacGinty,AJ MacGinty,AJ MacGinty,AJ MacGinty, , , ,NULL,4158
NULL, , , , , , , , ,NULL,4159
NULL, , , , , , , , ,NULL,4160
NULL, , , , , , , , ,NULL,4161
NULL, , , , , , , , ,NULL,4162
NULL, , , , , , , , ,NULL,4163
08/01/2021,AJ MacGinty,AJ MacGinty, , , , , , ,NULL,4164
29/01/2021,AJ MacGinty,AJ MacGinty, , , , , , ,NULL,4165
05/02/2021,AJ MacGinty,AJ MacGinty,AJ MacGinty,AJ MacGinty,AJ MacGinty, , , ,NULL,4166
12/02/2021,Rob du Preez,AJ MacGinty, , , , , , ,NULL,4167
20/02/2021, , , , , , , , ,NULL,4168
26/02/2021,AJ MacGinty,AJ MacGinty, , , , , , ,NULL,4169
05/03/2021,Rob du Preez,AJ MacGinty,AJ MacGinty,AJ MacGinty, , , , ,NULL,4170
13/03/2021, , , , , , , , ,NULL,4171
21/03/2021,AJ MacGinty, , , , , , , ,NULL,4172
27/03/2021,Rob du Preez,Rob du Preez, , , , , , ,NULL,4173
04/04/2021,AJ MacGinty,AJ MacGinty,AJ MacGinty,AJ MacGinty, , , , ,NULL,4174
