DateOfMatch,Con1,Con2,Con3,Con4,Con5,Con6,Con7,Con8,Con9,Con10,MatchesID,ConID
11/10/2009,Nick Macleod,Nick Macleod,NULL,NULL,NULL,NULL,NULL,NULL,NULL,NULL,1193,4500
24/10/2009,Charlie Hodgson,NULL,NULL,NULL,NULL,NULL,NULL,NULL,NULL,NULL,1170,4501
13/12/2009,Charlie Hodgson,Charlie Hodgson,Charlie Hodgson,NULL,NULL,NULL,NULL,NULL,NULL,NULL,1000,4502
20/12/2009,Charlie Hodgson,NULL,NULL,NULL,NULL,NULL,NULL,NULL,NULL,NULL,1001,4503
27/12/2009,NULL,NULL,NULL,NULL,NULL,NULL,NULL,NULL,NULL,NULL,1002,4504
01/01/2010,Charlie Hodgson,NULL,NULL,NULL,NULL,NULL,NULL,NULL,NULL,NULL,1003,4505
16/01/2010,Charlie Hodgson,Charlie Hodgson,NULL,NULL,NULL,NULL,NULL,NULL,NULL,NULL,1004,4506
24/01/2010,Charlie Hodgson,Charlie Hodgson,NULL,NULL,NULL,NULL,NULL,NULL,NULL,NULL,1005,4507
29/01/2010,Charlie Hodgson,Charlie Hodgson,NULL,NULL,NULL,NULL,NULL,NULL,NULL,NULL,1006,4508
06/02/2010,Mark Atkinson,NULL,NULL,NULL,NULL,NULL,NULL,NULL,NULL,NULL,1007,4509
16/09/2007,Charlie Hodgson,NULL,NULL,NULL,NULL,NULL,NULL,NULL,NULL,NULL,NULL,4510
08/10/2010,Charlie Hodgson,Charlie Hodgson,Nick Macleod,Nick Macleod,Nick Macleod,Nick Macleod,Nick Macleod,Nick Macleod,Nick Macleod,Nick Macleod,1008,4511
16/10/2010,Rob Miller,Charlie Hodgson,Charlie Hodgson,Charlie Hodgson,Charlie Hodgson,NULL,NULL,NULL,NULL,NULL,1009,4512
31/10/2010,Nick Macleod,Nick Macleod,NULL,NULL,NULL,NULL,NULL,NULL,NULL,NULL,1010,4513
05/11/2010,Paul Williams,Rob Miller,NULL,NULL,NULL,NULL,NULL,NULL,NULL,NULL,1011,4514
14/11/2010,Matty James,NULL,NULL,NULL,NULL,NULL,NULL,NULL,NULL,NULL,1012,4515
19/11/2010,Nick Macleod,NULL,NULL,NULL,NULL,NULL,NULL,NULL,NULL,NULL,1013,4516
27/11/2010,Nick Macleod,NULL,NULL,NULL,NULL,NULL,NULL,NULL,NULL,NULL,1014,4517
11/12/2010,NULL,NULL,NULL,NULL,NULL,NULL,NULL,NULL,NULL,NULL,1015,4518
20/12/2010,Nick Macleod,NULL,NULL,NULL,NULL,NULL,NULL,NULL,NULL,NULL,1016,4519
27/12/2010,Nick Macleod,Nick Macleod,Nick Macleod,NULL,NULL,NULL,NULL,NULL,NULL,NULL,1017,4520
02/01/2011,Charlie Hodgson,Charlie Hodgson,NULL,NULL,NULL,NULL,NULL,NULL,NULL,NULL,1018,4521
07/01/2011,Charlie Hodgson,Charlie Hodgson,NULL,NULL,NULL,NULL,NULL,NULL,NULL,NULL,1019,4522
14/01/2011,Rob Miller,Rob Miller,Rob Miller,Rob Miller,Rob Miller,Rob Miller,Rob Miller,NULL,NULL,NULL,1020,4523
22/01/2011,Rob Miller,Rob Miller,Rob Miller,Rob Miller,Rob Miller,NULL,NULL,NULL,NULL,NULL,1021,4524
28/01/2011,Nick Macleod,NULL,NULL,NULL,NULL,NULL,NULL,NULL,NULL,NULL,1022,4525
06/02/2011,Charlie Hodgson,Charlie Hodgson,NULL,NULL,NULL,NULL,NULL,NULL,NULL,NULL,1023,4526
01/09/2018,AJ MacGinty,AJ MacGinty,NULL,NULL,NULL,NULL,NULL,NULL,NULL,NULL,1462,4527
09/09/2018,AJ MacGinty,AJ MacGinty,NULL,NULL,NULL,NULL,NULL,NULL,NULL,NULL,1463,4528
15/09/2018,Danny Cipriani,NULL,NULL,NULL,NULL,NULL,NULL,NULL,NULL,NULL,1024,4529
22/09/2018,AJ MacGinty,NULL,NULL,NULL,NULL,NULL,NULL,NULL,NULL,NULL,1025,4530
30/09/2018,AJ MacGinty,NULL,NULL,NULL,NULL,NULL,NULL,NULL,NULL,NULL,1026,4531
06/10/2018,Rob du Preez,NULL,NULL,NULL,NULL,NULL,NULL,NULL,NULL,NULL,1027,4532
17/11/2018,Rob du Preez,NULL,NULL,NULL,NULL,NULL,NULL,NULL,NULL,NULL,1028,4533
24/11/2018,Rob du Preez,NULL,NULL,NULL,NULL,NULL,NULL,NULL,NULL,NULL,1029,4534
02/12/2018,Faf de Klerk,Faf de Klerk,Faf de Klerk,NULL,NULL,NULL,NULL,NULL,NULL,NULL,1030,4535
12/10/2018,Faf de Klerk,Faf de Klerk,Faf de Klerk,Will Cliff,NULL,NULL,NULL,NULL,NULL,NULL,1464,4536
20/10/2018,Faf de Klerk,Faf de Klerk,Faf de Klerk,Faf de Klerk,NULL,NULL,NULL,NULL,NULL,NULL,1031,4537
08/12/2018,Will Cliff,Will Cliff,Will Cliff,Will Cliff,NULL,NULL,NULL,NULL,NULL,NULL,1032,4538
15/12/2018,Rob du Preez,Rob du Preez,NULL,NULL,NULL,NULL,NULL,NULL,NULL,NULL,1033,4539
26/10/2018,NULL,NULL,NULL,NULL,NULL,NULL,NULL,NULL,NULL,NULL,1034,4540
02/11/2018,Will Cliff,NULL,NULL,NULL,NULL,NULL,NULL,NULL,NULL,NULL,1035,4541
09/11/2018,NULL,NULL,NULL,NULL,NULL,NULL,NULL,NULL,NULL,NULL,1036,4542
02/09/2016,Dan Mugford,Dan Mugford,NULL,NULL,NULL,NULL,NULL,NULL,NULL,NULL,1061,4543
09/09/2016,Dan Mugford,NULL,NULL,NULL,NULL,NULL,NULL,NULL,NULL,NULL,1062,4544
16/09/2016,NULL,NULL,NULL,NULL,NULL,NULL,NULL,NULL,NULL,NULL,1063,4545
24/09/2016,AJ MacGinty,AJ MacGinty,AJ MacGinty,AJ MacGinty,NULL,NULL,NULL,NULL,NULL,NULL,1064,4546
01/10/2016,Will Addison,Will Addison,Will Addison,Will Addison,NULL,NULL,NULL,NULL,NULL,NULL,1065,4547
07/10/2016,NULL,NULL,NULL,NULL,NULL,NULL,NULL,NULL,NULL,NULL,1066,4548
30/10/2016,Byron McGuigan,Byron McGuigan,Dan Mugford,NULL,NULL,NULL,NULL,NULL,NULL,NULL,1067,4549
20/11/2016,AJ MacGinty,NULL,NULL,NULL,NULL,NULL,NULL,NULL,NULL,NULL,1068,4550
27/11/2016,Tom Arscott,AJ MacGinty,AJ MacGinty,NULL,NULL,NULL,NULL,NULL,NULL,NULL,1069,4551
02/12/2016,NULL,NULL,NULL,NULL,NULL,NULL,NULL,NULL,NULL,NULL,1070,4552
23/12/2016,NULL,NULL,NULL,NULL,NULL,NULL,NULL,NULL,NULL,NULL,1071,4553
01/01/2017,James Mitchell,NULL,NULL,NULL,NULL,NULL,NULL,NULL,NULL,NULL,1072,4554
07/01/2017,Will Addison,Will Addison,NULL,NULL,NULL,NULL,NULL,NULL,NULL,NULL,1073,4555
10/02/2017,Will Addison,NULL,NULL,NULL,NULL,NULL,NULL,NULL,NULL,NULL,1074,4556
19/02/2017,Will Addison,Will Addison,Will Addison,Will Addison,NULL,NULL,NULL,NULL,NULL,NULL,1075,4557
25/02/2017,AJ MacGinty,NULL,NULL,NULL,NULL,NULL,NULL,NULL,NULL,NULL,1076,4558
03/03/2017,Sam James,NULL,NULL,NULL,NULL,NULL,NULL,NULL,NULL,NULL,1077,4559
25/03/2017,AJ MacGinty,NULL,NULL,NULL,NULL,NULL,NULL,NULL,NULL,NULL,1078,4560
07/04/2017,AJ MacGinty,AJ MacGinty,AJ MacGinty,AJ MacGinty,NULL,NULL,NULL,NULL,NULL,NULL,1079,4561
15/04/2017,AJ MacGinty,AJ MacGinty,NULL,NULL,NULL,NULL,NULL,NULL,NULL,NULL,1080,4562
29/04/2017,AJ MacGinty,NULL,NULL,NULL,NULL,NULL,NULL,NULL,NULL,NULL,1081,4563
06/05/2017,AJ MacGinty,AJ MacGinty,AJ MacGinty,NULL,NULL,NULL,NULL,NULL,NULL,NULL,1082,4564
15/10/2016,NULL,NULL,NULL,NULL,NULL,NULL,NULL,NULL,NULL,NULL,1315,4565
21/10/2016,NULL,NULL,NULL,NULL,NULL,NULL,NULL,NULL,NULL,NULL,1083,4566
10/12/2016,NULL,NULL,NULL,NULL,NULL,NULL,NULL,NULL,NULL,NULL,1084,4567
18/12/2016,AJ MacGinty,NULL,NULL,NULL,NULL,NULL,NULL,NULL,NULL,NULL,1085,4568
15/01/2017,Will Addison,NULL,NULL,NULL,NULL,NULL,NULL,NULL,NULL,NULL,1086,4569
21/01/2017,NULL,NULL,NULL,NULL,NULL,NULL,NULL,NULL,NULL,NULL,1087,4570
04/11/2016,Tom Arscott,Tom Arscott,NULL,NULL,NULL,NULL,NULL,NULL,NULL,NULL,1088,4571
11/11/2016,NULL,NULL,NULL,NULL,NULL,NULL,NULL,NULL,NULL,NULL,1089,4572
27/01/2017,AJ MacGinty,Byron McGuigan,Byron McGuigan,NULL,NULL,NULL,NULL,NULL,NULL,NULL,1090,4573
03/02/2017,Will Addison,NULL,NULL,NULL,NULL,NULL,NULL,NULL,NULL,NULL,1091,4574
02/09/2017,AJ MacGinty,NULL,NULL,NULL,NULL,NULL,NULL,NULL,NULL,NULL,1092,4575
08/09/2017,NULL,NULL,NULL,NULL,NULL,NULL,NULL,NULL,NULL,NULL,1093,4576
15/09/2017,AJ MacGinty,AJ MacGinty,AJ MacGinty,AJ MacGinty,NULL,NULL,NULL,NULL,NULL,NULL,1094,4577
23/09/2017,NULL,NULL,NULL,NULL,NULL,NULL,NULL,NULL,NULL,NULL,1037,4578
29/09/2017,AJ MacGinty,AJ MacGinty,AJ MacGinty,AJ MacGinty,AJ MacGinty,AJ MacGinty,Will Cliff,NULL,NULL,NULL,1038,4579
06/10/2017,Faf de Klerk,Faf de Klerk,AJ MacGinty,NULL,NULL,NULL,NULL,NULL,NULL,NULL,1039,4580
27/10/2017,NULL,NULL,NULL,NULL,NULL,NULL,NULL,NULL,NULL,NULL,1095,4581
19/11/2017,Faf de Klerk,Faf de Klerk,NULL,NULL,NULL,NULL,NULL,NULL,NULL,NULL,1096,4582
25/11/2017,Faf de Klerk,NULL,NULL,NULL,NULL,NULL,NULL,NULL,NULL,NULL,1097,4583
01/12/2017,AJ MacGinty,NULL,NULL,NULL,NULL,NULL,NULL,NULL,NULL,NULL,1040,4584
23/12/2017,AJ MacGinty,AJ MacGinty,AJ MacGinty,NULL,NULL,NULL,NULL,NULL,NULL,NULL,1041,4585
30/12/2017,AJ MacGinty,NULL,NULL,NULL,NULL,NULL,NULL,NULL,NULL,NULL,1042,4586
06/01/2018,Faf de Klerk,AJ MacGinty,AJ MacGinty,NULL,NULL,NULL,NULL,NULL,NULL,NULL,1448,4587
10/02/2018,Faf de Klerk,NULL,NULL,NULL,NULL,NULL,NULL,NULL,NULL,NULL,1453,4588
16/02/2018,NULL,NULL,NULL,NULL,NULL,NULL,NULL,NULL,NULL,NULL,1454,4589
24/02/2018,Faf de Klerk,NULL,NULL,NULL,NULL,NULL,NULL,NULL,NULL,NULL,1455,4590
03/03/2018,Faf de Klerk,Faf de Klerk,Faf de Klerk,Faf de Klerk,NULL,NULL,NULL,NULL,NULL,NULL,1456,4591
24/03/2018,Faf de Klerk,AJ MacGinty,AJ MacGinty,AJ MacGinty,AJ MacGinty,AJ MacGinty,NULL,NULL,NULL,NULL,1457,4592
06/04/2018,AJ MacGinty,NULL,NULL,NULL,NULL,NULL,NULL,NULL,NULL,NULL,1458,4593
13/04/2018,AJ MacGinty,AJ MacGinty,AJ MacGinty,NULL,NULL,NULL,NULL,NULL,NULL,NULL,1459,4594
28/04/2018,AJ MacGinty,AJ MacGinty,NULL,NULL,NULL,NULL,NULL,NULL,NULL,NULL,1460,4595
05/05/2018,AJ MacGinty,NULL,NULL,NULL,NULL,NULL,NULL,NULL,NULL,NULL,1461,4596
13/10/2017,Faf de Klerk,Faf de Klerk,NULL,NULL,NULL,NULL,NULL,NULL,NULL,NULL,1043,4597
20/10/2017,Faf de Klerk,Faf de Klerk,Faf de Klerk,NULL,NULL,NULL,NULL,NULL,NULL,NULL,1098,4598
03/11/2017,AJ MacGinty,AJ MacGinty,AJ MacGinty,NULL,NULL,NULL,NULL,NULL,NULL,NULL,1099,4599
10/11/2017,AJ MacGinty,NULL,NULL,NULL,NULL,NULL,NULL,NULL,NULL,NULL,1044,4600
09/12/2017,AJ MacGinty,NULL,NULL,NULL,NULL,NULL,NULL,NULL,NULL,NULL,1045,4601
17/12/2017,NULL,NULL,NULL,NULL,NULL,NULL,NULL,NULL,NULL,NULL,1100,4602
13/01/2018,Will Cliff,NULL,NULL,NULL,NULL,NULL,NULL,NULL,NULL,NULL,1449,4603
20/01/2018,Will Addison,Will Addison,Will Addison,NULL,NULL,NULL,NULL,NULL,NULL,NULL,1450,4604
27/01/2018,Faf de Klerk,NULL,NULL,NULL,NULL,NULL,NULL,NULL,NULL,NULL,1451,4605
02/02/2018,Will Cliff,Will Cliff,Will Cliff,Will Cliff,Cameron Redpath,NULL,NULL,NULL,NULL,NULL,1452,4606
17/10/2015,NULL,NULL,NULL,NULL,NULL,NULL,NULL,NULL,NULL,NULL,1104,4607
23/10/2015,Danny Cipriani,Danny Cipriani,NULL,NULL,NULL,NULL,NULL,NULL,NULL,NULL,1105,4608
01/11/2015,Danny Cipriani,Danny Cipriani,NULL,NULL,NULL,NULL,NULL,NULL,NULL,NULL,1106,4609
06/11/2015,Danny Cipriani,Danny Cipriani,NULL,NULL,NULL,NULL,NULL,NULL,NULL,NULL,1107,4610
22/12/2018,Rob du Preez,NULL,NULL,NULL,NULL,NULL,NULL,NULL,NULL,NULL,1046,4611
12/01/2019,Faf de Klerk,NULL,NULL,NULL,NULL,NULL,NULL,NULL,NULL,NULL,1051,4612
29/12/2018,Rob du Preez,Rob du Preez,NULL,NULL,NULL,NULL,NULL,NULL,NULL,NULL,1047,4613
04/01/2019,Rob du Preez,NULL,NULL,NULL,NULL,NULL,NULL,NULL,NULL,NULL,1048,4614
19/01/2019,Faf de Klerk,Faf de Klerk,Faf de Klerk,NULL,NULL,NULL,NULL,NULL,NULL,NULL,1052,4615
16/02/2019,AJ MacGinty,NULL,NULL,NULL,NULL,NULL,NULL,NULL,NULL,NULL,1053,4616
03/02/2019,Will Cliff,NULL,NULL,NULL,NULL,NULL,NULL,NULL,NULL,NULL,1050,4617
23/02/2019,Faf de Klerk,Faf de Klerk,NULL,NULL,NULL,NULL,NULL,NULL,NULL,NULL,1054,4618
08/03/2019,NULL,NULL,NULL,NULL,NULL,NULL,NULL,NULL,NULL,NULL,1056,4619
02/03/2019,Faf de Klerk,Sam James,NULL,NULL,NULL,NULL,NULL,NULL,NULL,NULL,1055,4620
23/03/2019,Faf de Klerk,Faf de Klerk,NULL,NULL,NULL,NULL,NULL,NULL,NULL,NULL,1057,4621
29/03/2019,AJ MacGinty,AJ MacGinty,NULL,NULL,NULL,NULL,NULL,NULL,NULL,NULL,1049,4622
05/04/2019,AJ MacGinty,NULL,NULL,NULL,NULL,NULL,NULL,NULL,NULL,NULL,1058,4623
13/04/2019,AJ MacGinty,AJ MacGinty,NULL,NULL,NULL,NULL,NULL,NULL,NULL,NULL,1060,4624
20/04/2019,AJ MacGinty,NULL,NULL,NULL,NULL,NULL,NULL,NULL,NULL,NULL,1103,4625
26/04/2019,NULL,NULL,NULL,NULL,NULL,NULL,NULL,NULL,NULL,NULL,1059,4626
03/05/2019,AJ MacGinty,AJ MacGinty,NULL,NULL,NULL,NULL,NULL,NULL,NULL,NULL,1101,4627
18/05/2019,AJ MacGinty,AJ MacGinty,AJ MacGinty,AJ MacGinty,NULL,NULL,NULL,NULL,NULL,NULL,1102,4628
15/11/2015,Nick Macleod,NULL,NULL,NULL,NULL,NULL,NULL,NULL,NULL,NULL,1108,4629
21/11/2015,Joe Ford,Joe Ford,Joe Ford,NULL,NULL,NULL,NULL,NULL,NULL,NULL,1109,4630
28/11/2015,NULL,NULL,NULL,NULL,NULL,NULL,NULL,NULL,NULL,NULL,1110,4631
04/12/2015,NULL,NULL,NULL,NULL,NULL,NULL,NULL,NULL,NULL,NULL,1111,4632
12/12/2015,Joe Ford,NULL,NULL,NULL,NULL,NULL,NULL,NULL,NULL,NULL,1112,4633
19/12/2015,Joe Ford,Danny Cipriani,NULL,NULL,NULL,NULL,NULL,NULL,NULL,NULL,1113,4634
26/12/2015,Danny Cipriani,Danny Cipriani,NULL,NULL,NULL,NULL,NULL,NULL,NULL,NULL,1114,4635
02/01/2016,NULL,NULL,NULL,NULL,NULL,NULL,NULL,NULL,NULL,NULL,1115,4636
15/01/2016,Danny Cipriani,Danny Cipriani,NULL,NULL,NULL,NULL,NULL,NULL,NULL,NULL,1116,4637
21/01/2016,Danny Cipriani,Danny Cipriani,Danny Cipriani,Danny Cipriani,Joe Ford,NULL,NULL,NULL,NULL,NULL,1118,4638
30/01/2016,Danny Cipriani,Danny Cipriani,Danny Cipriani,Joe Ford,NULL,NULL,NULL,NULL,NULL,NULL,1117,4639
06/02/2016,Danny Cipriani,NULL,NULL,NULL,NULL,NULL,NULL,NULL,NULL,NULL,1119,4640
13/02/2016,Danny Cipriani,NULL,NULL,NULL,NULL,NULL,NULL,NULL,NULL,NULL,1120,4641
20/02/2016,Danny Cipriani,NULL,NULL,NULL,NULL,NULL,NULL,NULL,NULL,NULL,1121,4642
27/02/2016,Danny Cipriani,NULL,NULL,NULL,NULL,NULL,NULL,NULL,NULL,NULL,1122,4643
05/03/2016,Joe Ford,Danny Cipriani,NULL,NULL,NULL,NULL,NULL,NULL,NULL,NULL,1123,4644
12/03/2016,NULL,NULL,NULL,NULL,NULL,NULL,NULL,NULL,NULL,NULL,1124,4645
20/03/2016,Danny Cipriani,NULL,NULL,NULL,NULL,NULL,NULL,NULL,NULL,NULL,1125,4646
27/03/2016,Danny Cipriani,Danny Cipriani,Danny Cipriani,NULL,NULL,NULL,NULL,NULL,NULL,NULL,1126,4647
17/04/2016,Danny Cipriani,Danny Cipriani,Danny Cipriani,NULL,NULL,NULL,NULL,NULL,NULL,NULL,1129,4648
23/04/2016,Danny Cipriani,Danny Cipriani,Joe Ford,NULL,NULL,NULL,NULL,NULL,NULL,NULL,1130,4649
29/04/2016,NULL,NULL,NULL,NULL,NULL,NULL,NULL,NULL,NULL,NULL,1131,4650
07/05/2016,Danny Cipriani,NULL,NULL,NULL,NULL,NULL,NULL,NULL,NULL,NULL,1132,4651
06/09/2014,Danny Cipriani,Danny Cipriani,NULL,NULL,NULL,NULL,NULL,NULL,NULL,NULL,1133,4652
13/09/2014,Danny Cipriani,Danny Cipriani,NULL,NULL,NULL,NULL,NULL,NULL,NULL,NULL,1154,4653
21/09/2019,Rob du Preez,Rob du Preez,NULL,NULL,NULL,NULL,NULL,NULL,NULL,NULL,1134,4654
28/09/2019,Tom Curtis,Tom Curtis,James Williams,James Williams,NULL,NULL,NULL,NULL,NULL,NULL,1135,4655
05/10/2019,Rob du Preez,Rob du Preez,Rob du Preez,NULL,NULL,NULL,NULL,NULL,NULL,NULL,1136,4656
12/10/2019,Rob du Preez,Rob du Preez,NULL,NULL,NULL,NULL,NULL,NULL,NULL,NULL,1137,4657
19/10/2019,Rob du Preez,NULL,NULL,NULL,NULL,NULL,NULL,NULL,NULL,NULL,1138,4658
01/11/2019,AJ MacGinty,NULL,NULL,NULL,NULL,NULL,NULL,NULL,NULL,NULL,1139,4659
08/11/2019,Rob du Preez,NULL,NULL,NULL,NULL,NULL,NULL,NULL,NULL,NULL,1140,4660
05/10/2014,Danny Cipriani,Danny Cipriani,NULL,NULL,NULL,NULL,NULL,NULL,NULL,NULL,1143,4661
20/09/2014,Danny Cipriani,Danny Cipriani,Danny Cipriani,Joe Ford,Joe Ford,NULL,NULL,NULL,NULL,NULL,1141,4662
27/09/2014,Danny Cipriani,Joe Ford,NULL,NULL,NULL,NULL,NULL,NULL,NULL,NULL,1142,4663
11/10/2014,Joe Ford,NULL,NULL,NULL,NULL,NULL,NULL,NULL,NULL,NULL,1144,4664
18/10/2014,Danny Cipriani,Danny Cipriani,NULL,NULL,NULL,NULL,NULL,NULL,NULL,NULL,1443,4665
26/10/2014,NULL,NULL,NULL,NULL,NULL,NULL,NULL,NULL,NULL,NULL,1155,4666
01/11/2014,Joe Ford,Joe Ford,Nick Macleod,NULL,NULL,NULL,NULL,NULL,NULL,NULL,1145,4667
16/09/2005,Charlie Hodgson,Charlie Hodgson,Charlie Hodgson,NULL,NULL,NULL,NULL,NULL,NULL,NULL,1473,4668
25/09/2005,Charlie Hodgson,Charlie Hodgson,Charlie Hodgson,Charlie Hodgson,NULL,NULL,NULL,NULL,NULL,NULL,1474,4669
14/10/2005,NULL,NULL,NULL,NULL,NULL,NULL,NULL,NULL,NULL,NULL,1475,4670
05/11/2005,NULL,NULL,NULL,NULL,NULL,NULL,NULL,NULL,NULL,NULL,1476,4671
11/11/2005,Valentin Courrent,NULL,NULL,NULL,NULL,NULL,NULL,NULL,NULL,NULL,1477,4672
18/11/2005,Valentin Courrent,NULL,NULL,NULL,NULL,NULL,NULL,NULL,NULL,NULL,1478,4673
27/11/2005,Valentin Courrent,Valentin Courrent,NULL,NULL,NULL,NULL,NULL,NULL,NULL,NULL,1479,4674
26/12/2005,Charlie Hodgson,Charlie Hodgson,NULL,NULL,NULL,NULL,NULL,NULL,NULL,NULL,1480,4675
02/01/2006,Charlie Hodgson,NULL,NULL,NULL,NULL,NULL,NULL,NULL,NULL,NULL,1481,4676
08/01/2006,Charlie Hodgson,NULL,NULL,NULL,NULL,NULL,NULL,NULL,NULL,NULL,1484,4677
28/01/2006,Charlie Hodgson,NULL,NULL,NULL,NULL,NULL,NULL,NULL,NULL,NULL,1486,4679
11/02/2006,Valentin Courrent,Valentin Courrent,Valentin Courrent,Valentin Courrent,Valentin Courrent,Valentin Courrent,NULL,NULL,NULL,NULL,1487,4680
17/02/2006,Charlie Hodgson,Charlie Hodgson,Charlie Hodgson,NULL,NULL,NULL,NULL,NULL,NULL,NULL,1488,4681
26/02/2006,Richard Wigglesworth,NULL,NULL,NULL,NULL,NULL,NULL,NULL,NULL,NULL,1489,4682
10/03/2006,NULL,NULL,NULL,NULL,NULL,NULL,NULL,NULL,NULL,NULL,1490,4683
25/03/2006,Charlie Hodgson,NULL,NULL,NULL,NULL,NULL,NULL,NULL,NULL,NULL,1491,4684
08/04/2006,NULL,NULL,NULL,NULL,NULL,NULL,NULL,NULL,NULL,NULL,1492,4685
16/04/2006,Valentin Courrent,NULL,NULL,NULL,NULL,NULL,NULL,NULL,NULL,NULL,1493,4686
28/04/2006,Charlie Hodgson,Charlie Hodgson,Charlie Hodgson,NULL,NULL,NULL,NULL,NULL,NULL,NULL,1494,4687
06/05/2006,Valentin Courrent,Valentin Courrent,Charlie Hodgson,Charlie Hodgson,NULL,NULL,NULL,NULL,NULL,NULL,1495,4688
09/11/2014,Nick Macleod,NULL,NULL,NULL,NULL,NULL,NULL,NULL,NULL,NULL,1146,4689
15/11/2014,Danny Cipriani,Danny Cipriani,Danny Cipriani,Nick Macleod,NULL,NULL,NULL,NULL,NULL,NULL,1147,4690
21/11/2014,Danny Cipriani,NULL,NULL,NULL,NULL,NULL,NULL,NULL,NULL,NULL,1148,4691
30/11/2014,Danny Cipriani,NULL,NULL,NULL,NULL,NULL,NULL,NULL,NULL,NULL,1149,4692
13/12/2014,Joe Ford,NULL,NULL,NULL,NULL,NULL,NULL,NULL,NULL,NULL,1151,4693
06/12/2014,Danny Cipriani,NULL,NULL,NULL,NULL,NULL,NULL,NULL,NULL,NULL,1150,4694
19/12/2014,Danny Cipriani,NULL,NULL,NULL,NULL,NULL,NULL,NULL,NULL,NULL,1152,4695
27/12/2014,Danny Cipriani,Danny Cipriani,NULL,NULL,NULL,NULL,NULL,NULL,NULL,NULL,1153,4696
04/01/2015,Joe Ford,NULL,NULL,NULL,NULL,NULL,NULL,NULL,NULL,NULL,1444,4697
10/01/2015,Danny Cipriani,Danny Cipriani,NULL,NULL,NULL,NULL,NULL,NULL,NULL,NULL,1445,4698
16/11/2019,AJ MacGinty,NULL,NULL,NULL,NULL,NULL,NULL,NULL,NULL,NULL,1156,4699
24/11/2019,AJ MacGinty,NULL,NULL,NULL,NULL,NULL,NULL,NULL,NULL,NULL,1466,4700
30/11/2019,NULL,NULL,NULL,NULL,NULL,NULL,NULL,NULL,NULL,NULL,1157,4701
08/12/2019,Rob du Preez,NULL,NULL,NULL,NULL,NULL,NULL,NULL,NULL,NULL,1158,4702
15/12/2019,AJ MacGinty,NULL,NULL,NULL,NULL,NULL,NULL,NULL,NULL,NULL,1159,4703
21/12/2019,Rob du Preez,Rob du Preez,Rob du Preez,NULL,NULL,NULL,NULL,NULL,NULL,NULL,1467,4704
28/12/2019,Rob du Preez,Rob du Preez,NULL,NULL,NULL,NULL,NULL,NULL,NULL,NULL,1160,4705
03/01/2020,Rob du Preez,Rob du Preez,Rob du Preez,Rob du Preez,AJ MacGinty,AJ MacGinty,NULL,NULL,NULL,NULL,1161,4706
10/01/2020,AJ MacGinty,James Williams,NULL,NULL,NULL,NULL,NULL,NULL,NULL,NULL,1162,4707
18/01/2020,Tom Curtis,NULL,NULL,NULL,NULL,NULL,NULL,NULL,NULL,NULL,1163,4708
25/01/2020,Rob du Preez,Rob du Preez,NULL,NULL,NULL,NULL,NULL,NULL,NULL,NULL,1164,4709
07/02/2020,Rob du Preez,Rob du Preez,Rob du Preez,Rob du Preez,NULL,NULL,NULL,NULL,NULL,NULL,1165,4710
21/02/2020,Rob du Preez,Rob du Preez,Rob du Preez,Rob du Preez,NULL,NULL,NULL,NULL,NULL,NULL,1166,4711
22/11/2009,Charlie Hodgson,Charlie Hodgson,Charlie Hodgson,NULL,NULL,NULL,NULL,NULL,NULL,NULL,1167,4712
05/12/2009,Charlie Hodgson,NULL,NULL,NULL,NULL,NULL,NULL,NULL,NULL,NULL,1168,4713
02/10/2009,NULL,NULL,NULL,NULL,NULL,NULL,NULL,NULL,NULL,NULL,1171,4714
04/09/2009,NULL,NULL,NULL,NULL,NULL,NULL,NULL,NULL,NULL,NULL,1172,4715
13/09/2009,NULL,NULL,NULL,NULL,NULL,NULL,NULL,NULL,NULL,NULL,1174,4716
18/09/2009,NULL,NULL,NULL,NULL,NULL,NULL,NULL,NULL,NULL,NULL,1173,4717
26/09/2009,Richard Wigglesworth,NULL,NULL,NULL,NULL,NULL,NULL,NULL,NULL,NULL,1175,4718
14/02/2010,Charlie Hodgson,NULL,NULL,NULL,NULL,NULL,NULL,NULL,NULL,NULL,1176,4719
19/02/2010,Charlie Hodgson,NULL,NULL,NULL,NULL,NULL,NULL,NULL,NULL,NULL,1177,4720
27/02/2010,NULL,NULL,NULL,NULL,NULL,NULL,NULL,NULL,NULL,NULL,1178,4721
07/03/2010,Charlie Hodgson,NULL,NULL,NULL,NULL,NULL,NULL,NULL,NULL,NULL,1179,4722
19/03/2010,Charlie Hodgson,NULL,NULL,NULL,NULL,NULL,NULL,NULL,NULL,NULL,1180,4723
28/03/2010,NULL,NULL,NULL,NULL,NULL,NULL,NULL,NULL,NULL,NULL,1181,4724
02/04/2010,NULL,NULL,NULL,NULL,NULL,NULL,NULL,NULL,NULL,NULL,1182,4725
17/04/2010,Richard Wigglesworth,NULL,NULL,NULL,NULL,NULL,NULL,NULL,NULL,NULL,1183,4726
23/04/2010,Charlie Hodgson,NULL,NULL,NULL,NULL,NULL,NULL,NULL,NULL,NULL,1184,4727
08/05/2010,Lee Thomas,Lee Thomas,NULL,NULL,NULL,NULL,NULL,NULL,NULL,NULL,1185,4728
03/09/2010,Nick Macleod,Nick Macleod,NULL,NULL,NULL,NULL,NULL,NULL,NULL,NULL,1186,4729
12/09/2010,Nick Macleod,NULL,NULL,NULL,NULL,NULL,NULL,NULL,NULL,NULL,1187,4730
17/09/2010,Nick Macleod,NULL,NULL,NULL,NULL,NULL,NULL,NULL,NULL,NULL,1188,4731
25/09/2010,Paul Williams,NULL,NULL,NULL,NULL,NULL,NULL,NULL,NULL,NULL,1189,4732
01/10/2010,NULL,NULL,NULL,NULL,NULL,NULL,NULL,NULL,NULL,NULL,1190,4733
09/04/2010,Charlie Hodgson,NULL,NULL,NULL,NULL,NULL,NULL,NULL,NULL,NULL,1192,4734
16/10/2009,Charlie Hodgson,Charlie Hodgson,Charlie Hodgson,NULL,NULL,NULL,NULL,NULL,NULL,NULL,1194,4735
06/11/2009,NULL,NULL,NULL,NULL,NULL,NULL,NULL,NULL,NULL,NULL,1195,4736
13/11/2009,Charlie Hodgson,Charlie Hodgson,NULL,NULL,NULL,NULL,NULL,NULL,NULL,NULL,1196,4737
03/09/2011,NULL,NULL,NULL,NULL,NULL,NULL,NULL,NULL,NULL,NULL,1207,4738
02/04/2016,Danny Cipriani,Danny Cipriani,Danny Cipriani,NULL,NULL,NULL,NULL,NULL,NULL,NULL,1127,4739
08/04/2016,NULL,NULL,NULL,NULL,NULL,NULL,NULL,NULL,NULL,NULL,1128,4740
22/10/2010,NULL,NULL,NULL,NULL,NULL,NULL,NULL,NULL,NULL,NULL,1191,4741
11/02/2011,Charlie Hodgson,NULL,NULL,NULL,NULL,NULL,NULL,NULL,NULL,NULL,1197,4742
09/09/2011,Nick Macleod,Nick Macleod,Rob Miller,NULL,NULL,NULL,NULL,NULL,NULL,NULL,1208,4743
17/09/2011,Nick Macleod,Nick Macleod,NULL,NULL,NULL,NULL,NULL,NULL,NULL,NULL,1209,4744
12/11/2011,Nick Macleod,NULL,NULL,NULL,NULL,NULL,NULL,NULL,NULL,NULL,1211,4745
21/10/2011,Nick Macleod,Nick Macleod,Nick Macleod,NULL,NULL,NULL,NULL,NULL,NULL,NULL,1212,4746
08/12/2011,Nick Macleod,Nick Macleod,Nick Macleod,NULL,NULL,NULL,NULL,NULL,NULL,NULL,1213,4747
18/12/2011,Nick Macleod,Nick Macleod,Nick Macleod,Nick Macleod,Rob Miller,NULL,NULL,NULL,NULL,NULL,1214,4748
23/09/2011,Nick Macleod,NULL,NULL,NULL,NULL,NULL,NULL,NULL,NULL,NULL,1215,4749
01/10/2011,Nick Macleod,Nick Macleod,Nick Macleod,Rob Miller,NULL,NULL,NULL,NULL,NULL,NULL,1216,4750
08/10/2011,Nick Macleod,NULL,NULL,NULL,NULL,NULL,NULL,NULL,NULL,NULL,1217,4751
28/10/2011,Nick Macleod,NULL,NULL,NULL,NULL,NULL,NULL,NULL,NULL,NULL,1218,4752
06/11/2011,NULL,NULL,NULL,NULL,NULL,NULL,NULL,NULL,NULL,NULL,1219,4753
18/11/2011,Rob Miller,Rob Miller,Rob Miller,Rob Miller,Rob Miller,Rob Miller,Rob Miller,Rob Miller,NULL,NULL,1238,4754
01/09/2012,NULL,NULL,NULL,NULL,NULL,NULL,NULL,NULL,NULL,NULL,1240,4755
15/09/2012,NULL,NULL,NULL,NULL,NULL,NULL,NULL,NULL,NULL,NULL,1241,4756
08/09/2012,Danny Cipriani,NULL,NULL,NULL,NULL,NULL,NULL,NULL,NULL,NULL,1239,4757
21/09/2012,Nick Macleod,NULL,NULL,NULL,NULL,NULL,NULL,NULL,NULL,NULL,1242,4758
29/09/2012,Nick Macleod,NULL,NULL,NULL,NULL,NULL,NULL,NULL,NULL,NULL,1243,4759
05/10/2012,NULL,NULL,NULL,NULL,NULL,NULL,NULL,NULL,NULL,NULL,1244,4760
14/10/2012,Rob Miller,Rob Miller,NULL,NULL,NULL,NULL,NULL,NULL,NULL,NULL,1245,4761
21/10/2012,Rob Miller,NULL,NULL,NULL,NULL,NULL,NULL,NULL,NULL,NULL,1246,4762
26/10/2012,NULL,NULL,NULL,NULL,NULL,NULL,NULL,NULL,NULL,NULL,1247,4763
02/11/2012,Danny Cipriani,NULL,NULL,NULL,NULL,NULL,NULL,NULL,NULL,NULL,1248,4764
11/11/2012,Danny Cipriani,Rob Miller,NULL,NULL,NULL,NULL,NULL,NULL,NULL,NULL,1249,4765
16/11/2012,Jordan Davies,Jordan Davies,NULL,NULL,NULL,NULL,NULL,NULL,NULL,NULL,1250,4766
24/11/2012,NULL,NULL,NULL,NULL,NULL,NULL,NULL,NULL,NULL,NULL,1251,4767
30/11/2012,NULL,NULL,NULL,NULL,NULL,NULL,NULL,NULL,NULL,NULL,1252,4768
08/12/2012,NULL,NULL,NULL,NULL,NULL,NULL,NULL,NULL,NULL,NULL,1253,4769
16/12/2012,NULL,NULL,NULL,NULL,NULL,NULL,NULL,NULL,NULL,NULL,1254,4770
23/12/2012,Rob Miller,NULL,NULL,NULL,NULL,NULL,NULL,NULL,NULL,NULL,1255,4771
28/12/2012,NULL,NULL,NULL,NULL,NULL,NULL,NULL,NULL,NULL,NULL,1256,4772
06/01/2013,NULL,NULL,NULL,NULL,NULL,NULL,NULL,NULL,NULL,NULL,1270,4773
11/01/2013,Rob Miller,Rob Miller,NULL,NULL,NULL,NULL,NULL,NULL,NULL,NULL,1257,4774
26/01/2013,Danny Cipriani,Danny Cipriani,NULL,NULL,NULL,NULL,NULL,NULL,NULL,NULL,1258,4775
02/02/2013,Danny Cipriani,Danny Cipriani,Danny Cipriani,Danny Cipriani,NULL,NULL,NULL,NULL,NULL,NULL,1259,4776
08/02/2013,Rob Miller,NULL,NULL,NULL,NULL,NULL,NULL,NULL,NULL,NULL,1262,4777
10/03/2013,Danny Cipriani,NULL,NULL,NULL,NULL,NULL,NULL,NULL,NULL,NULL,1260,4778
17/03/2013,NULL,NULL,NULL,NULL,NULL,NULL,NULL,NULL,NULL,NULL,1261,4779
17/02/2013,Danny Cipriani,Danny Cipriani,NULL,NULL,NULL,NULL,NULL,NULL,NULL,NULL,1263,4780
22/02/2013,Danny Cipriani,Danny Cipriani,Danny Cipriani,NULL,NULL,NULL,NULL,NULL,NULL,NULL,1264,4781
02/03/2013,Danny Cipriani,NULL,NULL,NULL,NULL,NULL,NULL,NULL,NULL,NULL,1265,4782
22/03/2013,NULL,NULL,NULL,NULL,NULL,NULL,NULL,NULL,NULL,NULL,1442,4783
31/03/2013,Nick Macleod,Nick Macleod,NULL,NULL,NULL,NULL,NULL,NULL,NULL,NULL,1266,4784
12/04/2013,Nick Macleod,Nick Macleod,NULL,NULL,NULL,NULL,NULL,NULL,NULL,NULL,1267,4785
20/04/2013,Danny Cipriani,NULL,NULL,NULL,NULL,NULL,NULL,NULL,NULL,NULL,1268,4786
04/05/2013,Nick Macleod,NULL,NULL,NULL,NULL,NULL,NULL,NULL,NULL,NULL,1269,4787
07/09/2013,NULL,NULL,NULL,NULL,NULL,NULL,NULL,NULL,NULL,NULL,1271,4788
13/09/2013,NULL,NULL,NULL,NULL,NULL,NULL,NULL,NULL,NULL,NULL,1272,4789
20/09/2013,Danny Cipriani,Danny Cipriani,NULL,NULL,NULL,NULL,NULL,NULL,NULL,NULL,1273,4790
27/09/2013,Danny Cipriani,Joe Ford,NULL,NULL,NULL,NULL,NULL,NULL,NULL,NULL,1274,4791
04/10/2013,Danny Cipriani,NULL,NULL,NULL,NULL,NULL,NULL,NULL,NULL,NULL,1275,4792
10/10/2013,Joe Ford,Joe Ford,Danny Cipriani,NULL,NULL,NULL,NULL,NULL,NULL,NULL,1276,4793
19/10/2013,Danny Cipriani,Danny Cipriani,Danny Cipriani,NULL,NULL,NULL,NULL,NULL,NULL,NULL,1277,4794
26/10/2013,NULL,NULL,NULL,NULL,NULL,NULL,NULL,NULL,NULL,NULL,1278,4795
01/11/2013,Danny Cipriani,NULL,NULL,NULL,NULL,NULL,NULL,NULL,NULL,NULL,1279,4796
08/11/2013,Joe Ford,Nick Macleod,NULL,NULL,NULL,NULL,NULL,NULL,NULL,NULL,1280,4797
15/11/2013,Nick Macleod,Nick Macleod,Nick Macleod,Nick Macleod,NULL,NULL,NULL,NULL,NULL,NULL,1281,4798
25/01/2014,Joe Ford,Joe Ford,NULL,NULL,NULL,NULL,NULL,NULL,NULL,NULL,1282,4799
31/01/2014,Joe Ford,Joe Ford,Joe Ford,Joe Ford,NULL,NULL,NULL,NULL,NULL,NULL,1283,4800
05/12/2013,Nick Macleod,NULL,NULL,NULL,NULL,NULL,NULL,NULL,NULL,NULL,1284,4801
13/12/2013,Danny Cipriani,Danny Cipriani,Danny Cipriani,Danny Cipriani,Danny Cipriani,Danny Cipriani,NULL,NULL,NULL,NULL,1285,4802
10/01/2014,NULL,NULL,NULL,NULL,NULL,NULL,NULL,NULL,NULL,NULL,1286,4803
18/01/2014,NULL,NULL,NULL,NULL,NULL,NULL,NULL,NULL,NULL,NULL,1287,4804
03/04/2014,Nick Macleod,Joe Ford,NULL,NULL,NULL,NULL,NULL,NULL,NULL,NULL,1288,4805
22/11/2013,Danny Cipriani,Danny Cipriani,Danny Cipriani,NULL,NULL,NULL,NULL,NULL,NULL,NULL,1289,4806
20/12/2013,Danny Cipriani,NULL,NULL,NULL,NULL,NULL,NULL,NULL,NULL,NULL,1291,4807
28/12/2013,Nick Macleod,Nick Macleod,NULL,NULL,NULL,NULL,NULL,NULL,NULL,NULL,1292,4808
03/01/2014,Danny Cipriani,NULL,NULL,NULL,NULL,NULL,NULL,NULL,NULL,NULL,1293,4809
07/02/2014,Danny Cipriani,Danny Cipriani,NULL,NULL,NULL,NULL,NULL,NULL,NULL,NULL,1294,4810
14/02/2014,Danny Cipriani,NULL,NULL,NULL,NULL,NULL,NULL,NULL,NULL,NULL,1295,4811
19/02/2011,NULL,NULL,NULL,NULL,NULL,NULL,NULL,NULL,NULL,NULL,1198,4812
25/02/2011,Charlie Hodgson,NULL,NULL,NULL,NULL,NULL,NULL,NULL,NULL,NULL,1199,4813
06/03/2011,Charlie Hodgson,Charlie Hodgson,NULL,NULL,NULL,NULL,NULL,NULL,NULL,NULL,1200,4814
25/03/2011,NULL,NULL,NULL,NULL,NULL,NULL,NULL,NULL,NULL,NULL,1201,4815
08/04/2011,Charlie Hodgson,Charlie Hodgson,NULL,NULL,NULL,NULL,NULL,NULL,NULL,NULL,1202,4816
02/04/2011,Charlie Hodgson,NULL,NULL,NULL,NULL,NULL,NULL,NULL,NULL,NULL,1203,4817
16/04/2011,Charlie Hodgson,Charlie Hodgson,NULL,NULL,NULL,NULL,NULL,NULL,NULL,NULL,1204,4818
22/04/2011,Charlie Hodgson,Charlie Hodgson,Charlie Hodgson,NULL,NULL,NULL,NULL,NULL,NULL,NULL,1205,4819
07/05/2011,Charlie Hodgson,Charlie Hodgson,NULL,NULL,NULL,NULL,NULL,NULL,NULL,NULL,1206,4820
15/10/2011,Nick Macleod,Nick Macleod,Nick Macleod,NULL,NULL,NULL,NULL,NULL,NULL,NULL,1210,4821
18/02/2012,NULL,NULL,NULL,NULL,NULL,NULL,NULL,NULL,NULL,NULL,1230,4822
24/02/2012,Nick Macleod,Nick Macleod,Nick Macleod,Nick Macleod,Nick Macleod,NULL,NULL,NULL,NULL,NULL,1231,4823
03/03/2012,Nick Macleod,NULL,NULL,NULL,NULL,NULL,NULL,NULL,NULL,NULL,1232,4824
23/03/2012,NULL,NULL,NULL,NULL,NULL,NULL,NULL,NULL,NULL,NULL,1233,4825
30/03/2012,Nick Macleod,Nick Macleod,NULL,NULL,NULL,NULL,NULL,NULL,NULL,NULL,1234,4826
13/04/2012,Nick Macleod,NULL,NULL,NULL,NULL,NULL,NULL,NULL,NULL,NULL,1235,4827
21/04/2012,Nick Macleod,NULL,NULL,NULL,NULL,NULL,NULL,NULL,NULL,NULL,1236,4828
05/05/2012,Tommy Bell,NULL,NULL,NULL,NULL,NULL,NULL,NULL,NULL,NULL,1237,4829
30/11/2013,Danny Cipriani,NULL,NULL,NULL,NULL,NULL,NULL,NULL,NULL,NULL,1290,4830
25/11/2011,Nick Macleod,Nick Macleod,NULL,NULL,NULL,NULL,NULL,NULL,NULL,NULL,1220,4831
03/12/2011,Nick Macleod,NULL,NULL,NULL,NULL,NULL,NULL,NULL,NULL,NULL,1221,4832
26/12/2011,Nick Macleod,NULL,NULL,NULL,NULL,NULL,NULL,NULL,NULL,NULL,1222,4833
14/01/2012,Scott Mathie,Rob Miller,Rob Miller,Rob Miller,Rob Miller,Rob Miller,Rob Miller,NULL,NULL,NULL,1223,4834
19/01/2012,NULL,NULL,NULL,NULL,NULL,NULL,NULL,NULL,NULL,NULL,1224,4835
29/01/2012,Nick Macleod,NULL,NULL,NULL,NULL,NULL,NULL,NULL,NULL,NULL,1225,4836
04/02/2012,Nick Macleod,NULL,NULL,NULL,NULL,NULL,NULL,NULL,NULL,NULL,1226,4837
01/01/2012,Nick Macleod,Nick Macleod,NULL,NULL,NULL,NULL,NULL,NULL,NULL,NULL,1227,4838
08/01/2012,Nick Macleod,NULL,NULL,NULL,NULL,NULL,NULL,NULL,NULL,NULL,1228,4839
10/02/2012,NULL,NULL,NULL,NULL,NULL,NULL,NULL,NULL,NULL,NULL,1229,4840
22/02/2014,Danny Cipriani,NULL,NULL,NULL,NULL,NULL,NULL,NULL,NULL,NULL,1296,4841
01/03/2014,Danny Cipriani,NULL,NULL,NULL,NULL,NULL,NULL,NULL,NULL,NULL,1297,4842
22/03/2014,Danny Cipriani,Danny Cipriani,NULL,NULL,NULL,NULL,NULL,NULL,NULL,NULL,1298,4843
28/03/2014,NULL,NULL,NULL,NULL,NULL,NULL,NULL,NULL,NULL,NULL,1299,4844
11/04/2014,Danny Cipriani,NULL,NULL,NULL,NULL,NULL,NULL,NULL,NULL,NULL,1300,4845
19/04/2014,Danny Cipriani,Danny Cipriani,Danny Cipriani,Danny Cipriani,Joe Ford,Joe Ford,NULL,NULL,NULL,NULL,1301,4846
03/05/2014,Joe Ford,Joe Ford,NULL,NULL,NULL,NULL,NULL,NULL,NULL,NULL,1302,4847
10/05/2014,Joe Ford,Joe Ford,NULL,NULL,NULL,NULL,NULL,NULL,NULL,NULL,1303,4848
01/02/2015,Nick Macleod,NULL,NULL,NULL,NULL,NULL,NULL,NULL,NULL,NULL,1304,4849
07/02/2015,Nick Macleod,Nick Macleod,Nick Macleod,Joe Ford,NULL,NULL,NULL,NULL,NULL,NULL,1305,4850
15/02/2015,Nick Macleod,Nick Macleod,Nick Macleod,Nick Macleod,Nick Macleod,Joe Ford,NULL,NULL,NULL,NULL,1306,4851
21/02/2015,Danny Cipriani,Danny Cipriani,NULL,NULL,NULL,NULL,NULL,NULL,NULL,NULL,1307,4852
28/02/2015,NULL,NULL,NULL,NULL,NULL,NULL,NULL,NULL,NULL,NULL,1308,4853
06/03/2015,NULL,NULL,NULL,NULL,NULL,NULL,NULL,NULL,NULL,NULL,1309,4854
29/03/2015,Danny Cipriani,Danny Cipriani,Danny Cipriani,NULL,NULL,NULL,NULL,NULL,NULL,NULL,1310,4855
12/04/2015,Danny Cipriani,NULL,NULL,NULL,NULL,NULL,NULL,NULL,NULL,NULL,1311,4856
25/04/2015,Danny Cipriani,NULL,NULL,NULL,NULL,NULL,NULL,NULL,NULL,NULL,1312,4857
09/05/2015,Danny Cipriani,Danny Cipriani,Danny Cipriani,NULL,NULL,NULL,NULL,NULL,NULL,NULL,1313,4858
16/05/2015,NULL,NULL,NULL,NULL,NULL,NULL,NULL,NULL,NULL,NULL,1314,4859
30/10/2009,Charlie Hodgson,NULL,NULL,NULL,NULL,NULL,NULL,NULL,NULL,NULL,1169,4860
19/01/2013,NULL,NULL,NULL,NULL,NULL,NULL,NULL,NULL,NULL,NULL,1440,4861
06/03/2020,Rob Du Preez,Rob Du Preez,Rob Du Preez,NULL,NULL,NULL,NULL,NULL,NULL,NULL,1470,4862
28/02/2020,Rob Du Preez,NULL,NULL,NULL,NULL,NULL,NULL,NULL,NULL,NULL,1469,4863
15/02/2020,Rob Du Preez,Rob Du Preez,NULL,NULL,NULL,NULL,NULL,NULL,NULL,NULL,1468,4864
26/10/2019,Rob Du Preez,Rob Du Preez,Rob Du Preez,Rob Du Preez,NULL,NULL,NULL,NULL,NULL,NULL,1465,4865
25/01/2015,Nick Macleod,NULL,NULL,NULL,NULL,NULL,NULL,NULL,NULL,NULL,1447,4866
17/01/2015,Danny Cipriani,NULL,NULL,NULL,NULL,NULL,NULL,NULL,NULL,NULL,1446,4867
02/09/2005,Charlie Hodgson,Charlie Hodgson,NULL,NULL,NULL,NULL,NULL,NULL,NULL,NULL,1471,4868
10/09/2005,Charlie Hodgson,NULL,NULL,NULL,NULL,NULL,NULL,NULL,NULL,NULL,1472,4869
14/05/2006,Charlie Hodgson,NULL,NULL,NULL,NULL,NULL,NULL,NULL,NULL,NULL,1496,4870
27/05/2006,Charlie Hodgson,Valentin Courrent,NULL,NULL,NULL,NULL,NULL,NULL,NULL,NULL,1497,4871
02/10/2005,NULL,NULL,NULL,NULL,NULL,NULL,NULL,NULL,NULL,NULL,2497,5871
07/10/2005,Valentin Courrent,Valentin Courrent,Valentin Courrent,Valentin Courrent,Valentin Courrent,NULL,NULL,NULL,NULL,NULL,2498,5872
02/12/2005,David Blair,David Blair,NULL,NULL,NULL,NULL,NULL,NULL,NULL,NULL,2499,5873
21/10/2005,Charlie Hodgson,NULL,NULL,NULL,NULL,NULL,NULL,NULL,NULL,NULL,2500,5874
28/10/2005,Charlie Hodgson,Charlie Hodgson,Charlie Hodgson,Charlie Hodgson,Charlie Hodgson,NULL,NULL,NULL,NULL,NULL,2501,5875
09/12/2005,Charlie Hodgson,Charlie Hodgson,NULL,NULL,NULL,NULL,NULL,NULL,NULL,NULL,2502,5876
16/12/2005,Charlie Hodgson,Charlie Hodgson,Charlie Hodgson,NULL,NULL,NULL,NULL,NULL,NULL,NULL,2503,5877
15/01/2006,Charlie Hodgson,Charlie Hodgson,NULL,NULL,NULL,NULL,NULL,NULL,NULL,NULL,2504,5878
21/01/2006,NULL,NULL,NULL,NULL,NULL,NULL,NULL,NULL,NULL,NULL,2505,5879
02/04/2006,NULL,NULL,NULL,NULL,NULL,NULL,NULL,NULL,NULL,NULL,2506,5880
07/09/2008,NULL,NULL,NULL,NULL,NULL,NULL,NULL,NULL,NULL,NULL,2507,5881
12/09/2008,NULL,NULL,NULL,NULL,NULL,NULL,NULL,NULL,NULL,NULL,2508,5882
19/09/2008,NULL,NULL,NULL,NULL,NULL,NULL,NULL,NULL,NULL,NULL,2509,5883
26/09/2008,Luke McAlister,Lee Thomas,NULL,NULL,NULL,NULL,NULL,NULL,NULL,NULL,2512,5886
01/10/2008,NULL,NULL,NULL,NULL,NULL,NULL,NULL,NULL,NULL,NULL,2513,5887
14/11/2008,NULL,NULL,NULL,NULL,NULL,NULL,NULL,NULL,NULL,NULL,2514,5888
23/11/2008,Charlie Hodgson,NULL,NULL,NULL,NULL,NULL,NULL,NULL,NULL,NULL,2515,5889
28/11/2008,Luke McAlister,Luke McAlister,Luke McAlister,NULL,NULL,NULL,NULL,NULL,NULL,NULL,2516,5890
20/12/2008,Luke McAlister,NULL,NULL,NULL,NULL,NULL,NULL,NULL,NULL,NULL,2517,5891
14/08/2020,Rob du Preez,NULL,NULL,NULL,NULL,NULL,NULL,NULL,NULL,NULL,3509,6883
21/08/2020,Rob Du Preez,NULL,NULL,NULL,NULL,NULL,NULL,NULL,NULL,NULL,3510,6884
25/08/2020,NULL,NULL,NULL,NULL,NULL,NULL,NULL,NULL,NULL,NULL,3511,6885
29/08/2020,AJ MacGinty,AJ MacGinty,AJ MacGinty,AJ MacGinty,AJ MacGinty,NULL,NULL,NULL,NULL,NULL,NULL,6886
26/12/2008,Charlie Hodgson,Charlie Hodgson,Charlie Hodgson,Charlie Hodgson,NULL,NULL,NULL,NULL,NULL,NULL,2518,6887
03/01/2009,Lee Thomas,NULL,NULL,NULL,NULL,NULL,NULL,NULL,NULL,NULL,2523,6889
04/04/2009,Charlie Hodgson,Charlie Hodgson,NULL,NULL,NULL,NULL,NULL,NULL,NULL,NULL,2528,6891
03/08/2009,Charlie Hodgson,NULL,NULL,NULL,NULL,NULL,NULL,NULL,NULL,NULL,2524,6893
31/01/2009,Charlie Hodgson,Charlie Hodgson,Charlie Hodgson,Charlie Hodgson,NULL,NULL,NULL,NULL,NULL,NULL,2520,6898
14/02/2009,Charlie Hodgson,Charlie Hodgson,NULL,NULL,NULL,NULL,NULL,NULL,NULL,NULL,2521,6899
20/02/2009,Charlie Hodgson,Charlie Hodgson,Charlie Hodgson,NULL,NULL,NULL,NULL,NULL,NULL,NULL,2522,6900
01/03/2009,Lee Thomas,NULL,NULL,NULL,NULL,NULL,NULL,NULL,NULL,NULL,2523,6901
08/03/2009,Charlie Hodgson,NULL,NULL,NULL,NULL,NULL,NULL,NULL,NULL,NULL,2524,6902
14/03/2009,NULL,NULL,NULL,NULL,NULL,NULL,NULL,NULL,NULL,NULL,2525,6903
22/03/2009,NULL,NULL,NULL,NULL,NULL,NULL,NULL,NULL,NULL,NULL,2526,6904
27/03/2009,Charlie Hodgson,NULL,NULL,NULL,NULL,NULL,NULL,NULL,NULL,NULL,2527,6905
17/04/2009,Charlie Hodgson,Charlie Hodgson,Charlie Hodgson,Charlie Hodgson,NULL,NULL,NULL,NULL,NULL,NULL,2529,6907
25/04/2009,Charlie Hodgson,Charlie Hodgson,NULL,NULL,NULL,NULL,NULL,NULL,NULL,NULL,2530,6908
24/08/1997,Shane Howarth,NULL,NULL,NULL,NULL,NULL,NULL,NULL,NULL,NULL,2531,6909
30/08/1997,Shane Howarth,Shane Howarth,NULL,NULL,NULL,NULL,NULL,NULL,NULL,NULL,2532,6910
18/10/1997,Shane Howarth,Shane Howarth,NULL,NULL,NULL,NULL,NULL,NULL,NULL,NULL,2533,6911
25/10/1997,Shane Howarth,Shane Howarth,Shane Howarth,Shane Howarth,Shane Howarth,NULL,NULL,NULL,NULL,NULL,2534,6912
02/11/1997,Shane Howarth,Shane Howarth,Shane Howarth,NULL,NULL,NULL,NULL,NULL,NULL,NULL,2535,6913
09/11/1997,Shane Howarth,Shane Howarth,Shane Howarth,Shane Howarth,Shane Howarth,Shane Howarth,Shane Howarth,Shane Howarth,NULL,NULL,2536,6914
13/12/1997,Shane Howarth,NULL,NULL,NULL,NULL,NULL,NULL,NULL,NULL,NULL,2537,6915
27/12/1997,NULL,NULL,NULL,NULL,NULL,NULL,NULL,NULL,NULL,NULL,2538,6916
30/12/1997,Shane Howarth,NULL,NULL,NULL,NULL,NULL,NULL,NULL,NULL,NULL,2539,6917
10/01/1998,Simon Mannix,Simon Mannix,NULL,NULL,NULL,NULL,NULL,NULL,NULL,NULL,2540,6918
01/02/1998,Simon Mannix,Simon Mannix,NULL,NULL,NULL,NULL,NULL,NULL,NULL,NULL,2541,6919
15/02/1998,Simon Mannix,Simon Mannix,NULL,NULL,NULL,NULL,NULL,NULL,NULL,NULL,2542,6920
24/02/1998,Simon Mannix,Simon Mannix,NULL,NULL,NULL,NULL,NULL,NULL,NULL,NULL,2543,6921
10/03/1998,Shane Howarth,NULL,NULL,NULL,NULL,NULL,NULL,NULL,NULL,NULL,2544,6922
14/03/1998,Shane Howarth,NULL,NULL,NULL,NULL,NULL,NULL,NULL,NULL,NULL,2545,6923
11/04/1998,NULL,NULL,NULL,NULL,NULL,NULL,NULL,NULL,NULL,NULL,2546,6924
15/04/1998,Shane Howarth,NULL,NULL,NULL,NULL,NULL,NULL,NULL,NULL,NULL,2547,6925
18/04/1998,Shane Howarth,Shane Howarth,Shane Howarth,Shane Howarth,Shane Howarth,Shane Howarth,Shane Howarth,NULL,NULL,NULL,2548,6926
25/04/1998,Shane Howarth,Shane Howarth,Shane Howarth,NULL,NULL,NULL,NULL,NULL,NULL,NULL,2549,6927
02/05/1998,Shane Howarth,Shane Howarth,NULL,NULL,NULL,NULL,NULL,NULL,NULL,NULL,2550,6928
10/05/1998,Shane Howarth,Shane Howarth,Shane Howarth,NULL,NULL,NULL,NULL,NULL,NULL,NULL,2551,6929
17/05/1998,Shane Howarth,NULL,NULL,NULL,NULL,NULL,NULL,NULL,NULL,NULL,2552,6930
05/09/1998,Shane Howarth,NULL,NULL,NULL,NULL,NULL,NULL,NULL,NULL,NULL,2553,6931
12/09/1998,Shane Howarth,Shane Howarth,Shane Howarth,Shane Howarth,NULL,NULL,NULL,NULL,NULL,NULL,2554,6932
20/09/1998,Shane Howarth,Shane Howarth,Shane Howarth,Shane Howarth,NULL,NULL,NULL,NULL,NULL,NULL,2555,6933
26/09/1998,Shane Howarth,Shane Howarth,Shane Howarth,NULL,NULL,NULL,NULL,NULL,NULL,NULL,2556,6934
03/10/1998,Shane Howarth,Shane Howarth,NULL,NULL,NULL,NULL,NULL,NULL,NULL,NULL,2557,6935
17/10/1998,Shane Howarth,NULL,NULL,NULL,NULL,NULL,NULL,NULL,NULL,NULL,2558,6936
24/10/1998,NULL,NULL,NULL,NULL,NULL,NULL,NULL,NULL,NULL,NULL,2559,6937
28/10/1998,Shane Howarth,NULL,NULL,NULL,NULL,NULL,NULL,NULL,NULL,NULL,2560,6938
07/11/1998,Shane Howarth,Shane Howarth,NULL,NULL,NULL,NULL,NULL,NULL,NULL,NULL,2561,6939
13/11/1998,Steve Davidson,Steve Davidson,Steve Davidson,Steve Davidson,NULL,NULL,NULL,NULL,NULL,NULL,2562,6940
22/11/1998,Steve Davidson,Steve Davidson,NULL,NULL,NULL,NULL,NULL,NULL,NULL,NULL,2563,6941
12/12/1998,Shane Howarth,Shane Howarth,Shane Howarth,NULL,NULL,NULL,NULL,NULL,NULL,NULL,2564,6942
20/12/1998,Shane Howarth,NULL,NULL,NULL,NULL,NULL,NULL,NULL,NULL,NULL,2565,6943
27/12/1998,Shane Howarth,NULL,NULL,NULL,NULL,NULL,NULL,NULL,NULL,NULL,2566,6944
02/01/1999,Shane Howarth,Shane Howarth,NULL,NULL,NULL,NULL,NULL,NULL,NULL,NULL,2567,6945
05/01/1999,Shane Howarth,Shane Howarth,NULL,NULL,NULL,NULL,NULL,NULL,NULL,NULL,2568,6946
09/01/1999,NULL,NULL,NULL,NULL,NULL,NULL,NULL,NULL,NULL,NULL,2569,6947
23/01/1999,Shane Howarth,NULL,NULL,NULL,NULL,NULL,NULL,NULL,NULL,NULL,2570,6948
06/02/1999,Joe Shaw,NULL,NULL,NULL,NULL,NULL,NULL,NULL,NULL,NULL,2571,6949
14/02/1999,Shane Howarth,Shane Howarth,NULL,NULL,NULL,NULL,NULL,NULL,NULL,NULL,2572,6950
27/02/1999,Shane Howarth,NULL,NULL,NULL,NULL,NULL,NULL,NULL,NULL,NULL,2573,6951
13/03/1999,Shane Howarth,NULL,NULL,NULL,NULL,NULL,NULL,NULL,NULL,NULL,2574,6952
28/03/1999,Shane Howarth,Shane Howarth,Shane Howarth,NULL,NULL,NULL,NULL,NULL,NULL,NULL,2575,6953
03/04/1999,Shane Howarth,Shane Howarth,Shane Howarth,NULL,NULL,NULL,NULL,NULL,NULL,NULL,2576,6954
24/04/1999,Shane Howarth,NULL,NULL,NULL,NULL,NULL,NULL,NULL,NULL,NULL,2577,6955
01/05/1999,Shane Howarth,Shane Howarth,Shane Howarth,Shane Howarth,NULL,NULL,NULL,NULL,NULL,NULL,2578,6956
08/05/1999,NULL,NULL,NULL,NULL,NULL,NULL,NULL,NULL,NULL,NULL,2579,6957
05/09/2020,AJ Macginty,AJ Macginty,AJ Macginty,AJ Macginty,NULL,NULL,NULL,NULL,NULL,NULL,2580,6958
09/09/2020,Rob du Preez,Rob du Preez,Rob du Preez,NULL,NULL,NULL,NULL,NULL,NULL,NULL,2581,6959
13/09/2020,AJ Macginty,AJ Macginty,NULL,NULL,NULL,NULL,NULL,NULL,NULL,NULL,2582,6960
29/09/2020,Rob du Preez,NULL,NULL,NULL,NULL,NULL,NULL,NULL,NULL,NULL,2583,6961
07/10/2020,NULL,NULL,NULL,NULL,NULL,NULL,NULL,NULL,NULL,NULL,2584,6962
11/09/1999,Steve Davidson,NULL,NULL,NULL,NULL,NULL,NULL,NULL,NULL,NULL,2585,6963
25/09/1999,NULL,NULL,NULL,NULL,NULL,NULL,NULL,NULL,NULL,NULL,2586,6964
02/10/1999,Steve Davidson,Steve Davidson,NULL,NULL,NULL,NULL,NULL,NULL,NULL,NULL,2587,6965
10/10/1999,Joe Shaw,NULL,NULL,NULL,NULL,NULL,NULL,NULL,NULL,NULL,2588,6966
17/10/1999,NULL,NULL,NULL,NULL,NULL,NULL,NULL,NULL,NULL,NULL,2589,6967
29/10/1999,Steve Davidson,NULL,NULL,NULL,NULL,NULL,NULL,NULL,NULL,NULL,2590,6968
05/11/1999,NULL,NULL,NULL,NULL,NULL,NULL,NULL,NULL,NULL,NULL,2591,6969
13/11/1999,Steve Davidson,NULL,NULL,NULL,NULL,NULL,NULL,NULL,NULL,NULL,2592,6970
04/12/1999,NULL,NULL,NULL,NULL,NULL,NULL,NULL,NULL,NULL,NULL,2593,6971
26/12/1999,Nicky Little,NULL,NULL,NULL,NULL,NULL,NULL,NULL,NULL,NULL,2594,6972
29/12/1999,NULL,NULL,NULL,NULL,NULL,NULL,NULL,NULL,NULL,NULL,2595,6973
23/01/2000,Nicky Little,Nicky Little,Nicky Little,NULL,NULL,NULL,NULL,NULL,NULL,NULL,2596,6974
12/02/2000,Nicky Little,NULL,NULL,NULL,NULL,NULL,NULL,NULL,NULL,NULL,2597,6975
08/03/2000,NULL,NULL,NULL,NULL,NULL,NULL,NULL,NULL,NULL,NULL,2598,6976
12/03/2000,Nicky Little,Nicky Little,Nicky Little,Nicky Little,NULL,NULL,NULL,NULL,NULL,NULL,2599,6977
25/03/2000,Nicky Little,NULL,NULL,NULL,NULL,NULL,NULL,NULL,NULL,NULL,2600,6978
08/04/2000,Nicky Little,Nicky Little,Nicky Little,NULL,NULL,NULL,NULL,NULL,NULL,NULL,2601,6979
15/04/2000,NULL,NULL,NULL,NULL,NULL,NULL,NULL,NULL,NULL,NULL,2602,6980
22/04/2000,NULL,NULL,NULL,NULL,NULL,NULL,NULL,NULL,NULL,NULL,2603,6981
30/04/2000,NULL,NULL,NULL,NULL,NULL,NULL,NULL,NULL,NULL,NULL,2604,6982
06/05/2000,Nicky Little,Nicky Little,Nicky Little,NULL,NULL,NULL,NULL,NULL,NULL,NULL,2605,6983
14/05/2000,Paul Knight,Paul Knight,Paul Knight,Joe Shaw,NULL,NULL,NULL,NULL,NULL,NULL,2606,6984
NULL,NULL,NULL,NULL,NULL,NULL,NULL,NULL,NULL,NULL,NULL,NULL,6985
NULL,NULL,NULL,NULL,NULL,NULL,NULL,NULL,NULL,NULL,NULL,NULL,6986
NULL,NULL,NULL,NULL,NULL,NULL,NULL,NULL,NULL,NULL,NULL,NULL,6987
NULL,NULL,NULL,NULL,NULL,NULL,NULL,NULL,NULL,NULL,NULL,NULL,6988
NULL,NULL,NULL,NULL,NULL,NULL,NULL,NULL,NULL,NULL,NULL,NULL,6989
NULL,NULL,NULL,NULL,NULL,NULL,NULL,NULL,NULL,NULL,NULL,NULL,6990
NULL,NULL,NULL,NULL,NULL,NULL,NULL,NULL,NULL,NULL,NULL,NULL,6991
NULL,NULL,NULL,NULL,NULL,NULL,NULL,NULL,NULL,NULL,NULL,NULL,6992
NULL,NULL,NULL,NULL,NULL,NULL,NULL,NULL,NULL,NULL,NULL,NULL,6993
NULL,NULL,NULL,NULL,NULL,NULL,NULL,NULL,NULL,NULL,NULL,NULL,6994
NULL,NULL,NULL,NULL,NULL,NULL,NULL,NULL,NULL,NULL,NULL,NULL,6995
NULL,NULL,NULL,NULL,NULL,NULL,NULL,NULL,NULL,NULL,NULL,NULL,6996
NULL,NULL,NULL,NULL,NULL,NULL,NULL,NULL,NULL,NULL,NULL,NULL,6997
NULL,NULL,NULL,NULL,NULL,NULL,NULL,NULL,NULL,NULL,NULL,NULL,6998
NULL,NULL,NULL,NULL,NULL,NULL,NULL,NULL,NULL,NULL,NULL,NULL,6999
NULL,NULL,NULL,NULL,NULL,NULL,NULL,NULL,NULL,NULL,NULL,NULL,7000
NULL,NULL,NULL,NULL,NULL,NULL,NULL,NULL,NULL,NULL,NULL,NULL,7001
NULL,NULL,NULL,NULL,NULL,NULL,NULL,NULL,NULL,NULL,NULL,NULL,7002
NULL,NULL,NULL,NULL,NULL,NULL,NULL,NULL,NULL,NULL,NULL,NULL,7003
NULL,NULL,NULL,NULL,NULL,NULL,NULL,NULL,NULL,NULL,NULL,NULL,7004
NULL,NULL,NULL,NULL,NULL,NULL,NULL,NULL,NULL,NULL,NULL,NULL,7005
NULL,NULL,NULL,NULL,NULL,NULL,NULL,NULL,NULL,NULL,NULL,NULL,7006
09/02/2002,NULL,NULL,NULL,NULL,NULL,NULL,NULL,NULL,NULL,NULL,NULL,7034
23/02/2002,Jos Baxendell,NULL,NULL,NULL,NULL,NULL,NULL,NULL,NULL,NULL,NULL,7035
09/03/2002,NULL,NULL,NULL,NULL,NULL,NULL,NULL,NULL,NULL,NULL,NULL,7036
16/03/2002,Charlie Hodgson,Charlie Hodgson,Charlie Hodgson,NULL,NULL,NULL,NULL,NULL,NULL,NULL,NULL,7037
31/03/2002,NULL,NULL,NULL,NULL,NULL,NULL,NULL,NULL,NULL,NULL,NULL,7038
13/04/2002,Charlie Hodgson,Charlie Hodgson,Charlie Hodgson,Charlie Hodgson,NULL,NULL,NULL,NULL,NULL,NULL,NULL,7039
19/04/2002,Charlie Hodgson,Charlie Hodgson,NULL,NULL,NULL,NULL,NULL,NULL,NULL,NULL,NULL,7040
05/05/2002,Charlie Hodgson,Charlie Hodgson,Charlie Hodgson,Charlie Hodgson,NULL,NULL,NULL,NULL,NULL,NULL,NULL,7041
08/05/2002,Charlie Hodgson,Charlie Hodgson,Charlie Hodgson,NULL,NULL,NULL,NULL,NULL,NULL,NULL,NULL,7042
12/05/2002,Charlie Hodgson,Charlie Hodgson,Charlie Hodgson,Charlie Hodgson,Charlie Hodgson,NULL,NULL,NULL,NULL,NULL,NULL,7043
30/08/2002,NULL,NULL,NULL,NULL,NULL,NULL,NULL,NULL,NULL,NULL,NULL,7044
07/09/2002,NULL,NULL,NULL,NULL,NULL,NULL,NULL,NULL,NULL,NULL,NULL,7045
13/09/2002,Charlie Hodgson,Charlie Hodgson,NULL,NULL,NULL,NULL,NULL,NULL,NULL,NULL,NULL,7046
20/09/2002,Charlie Hodgson,Charlie Hodgson,NULL,NULL,NULL,NULL,NULL,NULL,NULL,NULL,NULL,7047
27/09/2002,Charlie Hodgson,Charlie Hodgson,NULL,NULL,NULL,NULL,NULL,NULL,NULL,NULL,NULL,7048
05/10/2002,Charlie Hodgson,Charlie Hodgson,NULL,NULL,NULL,NULL,NULL,NULL,NULL,NULL,NULL,7049
27/10/2002,Nick Walshe,Nick Walshe,NULL,NULL,NULL,NULL,NULL,NULL,NULL,NULL,NULL,7050
01/11/2002,Nick Walshe,Nick Walshe,NULL,NULL,NULL,NULL,NULL,NULL,NULL,NULL,NULL,7051
10/11/2002,Nick Walshe,NULL,NULL,NULL,NULL,NULL,NULL,NULL,NULL,NULL,NULL,7052
15/11/2002,Nick Walshe,Nick Walshe,Nick Walshe,NULL,NULL,NULL,NULL,NULL,NULL,NULL,NULL,7053
24/11/2002,Nick Walshe,Nick Walshe,Nick Walshe,NULL,NULL,NULL,NULL,NULL,NULL,NULL,NULL,7054
29/11/2002,Jos Baxendell,NULL,NULL,NULL,NULL,NULL,NULL,NULL,NULL,NULL,NULL,7055
29/12/2002,NULL,NULL,NULL,NULL,NULL,NULL,NULL,NULL,NULL,NULL,NULL,7056
03/01/2003,Jos Baxendell,Charlie Hodgson,NULL,NULL,NULL,NULL,NULL,NULL,NULL,NULL,NULL,7057
02/02/2003,Charlie Hodgson,NULL,NULL,NULL,NULL,NULL,NULL,NULL,NULL,NULL,NULL,7058
08/02/2003,Charlie Hodgson,Charlie Hodgson,Charlie Hodgson,Nick Walshe,NULL,NULL,NULL,NULL,NULL,NULL,NULL,7059
15/03/2003,Jos Baxendell,Jos Baxendell,NULL,NULL,NULL,NULL,NULL,NULL,NULL,NULL,NULL,7060
06/04/2003,Jos Baxendell,Jos Baxendell,NULL,NULL,NULL,NULL,NULL,NULL,NULL,NULL,NULL,7061
18/04/2003,Jos Baxendell,Jos Baxendell,NULL,NULL,NULL,NULL,NULL,NULL,NULL,NULL,NULL,7062
26/04/2003,NULL,NULL,NULL,NULL,NULL,NULL,NULL,NULL,NULL,NULL,NULL,7063
03/05/2003,Nick Walshe,Nick Walshe,NULL,NULL,NULL,NULL,NULL,NULL,NULL,NULL,NULL,7064
10/05/2003,NULL,NULL,NULL,NULL,NULL,NULL,NULL,NULL,NULL,NULL,NULL,7065
12/09/2003,Jos Baxendell,Jos Baxendell,Jos Baxendell,NULL,NULL,NULL,NULL,NULL,NULL,NULL,NULL,7066
21/09/2003,NULL,NULL,NULL,NULL,NULL,NULL,NULL,NULL,NULL,NULL,NULL,7067
26/09/2003,NULL,NULL,NULL,NULL,NULL,NULL,NULL,NULL,NULL,NULL,NULL,7068
04/10/2003,Braam van Straaten,NULL,NULL,NULL,NULL,NULL,NULL,NULL,NULL,NULL,NULL,7069
10/10/2003,Braam van Straaten,Braam van Straaten,Braam van Straaten,NULL,NULL,NULL,NULL,NULL,NULL,NULL,NULL,7070
17/10/2003,Braam van Straaten,Braam van Straaten,NULL,NULL,NULL,NULL,NULL,NULL,NULL,NULL,NULL,7071
25/10/2003,Braam van Straaten,Braam van Straaten,NULL,NULL,NULL,NULL,NULL,NULL,NULL,NULL,NULL,7072
31/10/2003,Braam van Straaten,Braam van Straaten,NULL,NULL,NULL,NULL,NULL,NULL,NULL,NULL,NULL,7073
08/11/2003,Braam van Straaten,Braam van Straaten,NULL,NULL,NULL,NULL,NULL,NULL,NULL,NULL,NULL,7074
21/11/2003,Charlie Hodgson,Braam van Straaten,Braam van Straaten,NULL,NULL,NULL,NULL,NULL,NULL,NULL,NULL,7075
30/11/2003,Braam van Straaten,Braam van Straaten,NULL,NULL,NULL,NULL,NULL,NULL,NULL,NULL,NULL,7076
19/12/2003,NULL,NULL,NULL,NULL,NULL,NULL,NULL,NULL,NULL,NULL,NULL,7077
27/12/2003,Charlie Hodgson,Charlie Hodgson,Charlie Hodgson,NULL,NULL,NULL,NULL,NULL,NULL,NULL,NULL,7078
04/01/2004,Charlie Hodgson,NULL,NULL,NULL,NULL,NULL,NULL,NULL,NULL,NULL,NULL,7079
06/02/2004,NULL,NULL,NULL,NULL,NULL,NULL,NULL,NULL,NULL,NULL,NULL,7080
14/02/2004,NULL,NULL,NULL,NULL,NULL,NULL,NULL,NULL,NULL,NULL,NULL,7081
21/02/2004,Mike Hercus,NULL,NULL,NULL,NULL,NULL,NULL,NULL,NULL,NULL,NULL,7082
26/03/2004,Mike Hercus,Mike Hercus,Mike Hercus,Mike Hercus,Charlie Hodgson,NULL,NULL,NULL,NULL,NULL,NULL,7083
03/04/2004,Charlie Hodgson,NULL,NULL,NULL,NULL,NULL,NULL,NULL,NULL,NULL,NULL,7084
23/04/2004,Mike Hercus,Charlie Hodgson,Charlie Hodgson,Charlie Hodgson,NULL,NULL,NULL,NULL,NULL,NULL,NULL,7085
02/05/2004,Charlie Hodgson,Charlie Hodgson,NULL,NULL,NULL,NULL,NULL,NULL,NULL,NULL,NULL,7086
08/05/2004,Charlie Hodgson,Charlie Hodgson,NULL,NULL,NULL,NULL,NULL,NULL,NULL,NULL,NULL,7087
05/09/2004,Mike Hercus,NULL,NULL,NULL,NULL,NULL,NULL,NULL,NULL,NULL,NULL,7088
11/09/2004,Charlie Hodgson,Charlie Hodgson,Charlie Hodgson,NULL,NULL,NULL,NULL,NULL,NULL,NULL,NULL,7089
17/09/2004,NULL,NULL,NULL,NULL,NULL,NULL,NULL,NULL,NULL,NULL,NULL,7090
24/09/2004,Charlie Hodgson,Charlie Hodgson,Charlie Hodgson,Charlie Hodgson,Charlie Hodgson,Charlie Hodgson,Charlie Hodgson,NULL,NULL,NULL,NULL,7091
03/10/2004,NULL,NULL,NULL,NULL,NULL,NULL,NULL,NULL,NULL,NULL,NULL,7092
08/10/2004,Charlie Hodgson,NULL,NULL,NULL,NULL,NULL,NULL,NULL,NULL,NULL,NULL,7093
16/10/2004,Charlie Hodgson,Charlie Hodgson,NULL,NULL,NULL,NULL,NULL,NULL,NULL,NULL,NULL,7094
05/11/2004,Charlie Hodgson,Charlie Hodgson,Charlie Hodgson,Charlie Hodgson,NULL,NULL,NULL,NULL,NULL,NULL,NULL,7095
13/11/2004,Mike Hercus,NULL,NULL,NULL,NULL,NULL,NULL,NULL,NULL,NULL,NULL,7096
19/11/2004,Byron Hayward,NULL,NULL,NULL,NULL,NULL,NULL,NULL,NULL,NULL,NULL,7097
26/11/2004,NULL,NULL,NULL,NULL,NULL,NULL,NULL,NULL,NULL,NULL,NULL,7098
27/12/2004,Charlie Hodgson,Charlie Hodgson,NULL,NULL,NULL,NULL,NULL,NULL,NULL,NULL,NULL,7099
02/01/2005,Charlie Hodgson,Charlie Hodgson,NULL,NULL,NULL,NULL,NULL,NULL,NULL,NULL,NULL,7100
29/01/2005,Charlie Hodgson,Charlie Hodgson,Charlie Hodgson,Charlie Hodgson,NULL,NULL,NULL,NULL,NULL,NULL,NULL,7101
06/02/2005,NULL,NULL,NULL,NULL,NULL,NULL,NULL,NULL,NULL,NULL,NULL,7102
18/02/2005,Charlie Hodgson,NULL,NULL,NULL,NULL,NULL,NULL,NULL,NULL,NULL,NULL,7103
25/02/2005,Mike Hercus,NULL,NULL,NULL,NULL,NULL,NULL,NULL,NULL,NULL,NULL,7104
13/03/2005,Mike Hercus,NULL,NULL,NULL,NULL,NULL,NULL,NULL,NULL,NULL,NULL,7105
25/03/2005,Mike Hercus,Mike Hercus,NULL,NULL,NULL,NULL,NULL,NULL,NULL,NULL,NULL,7106
09/04/2005,Mike Hercus,NULL,NULL,NULL,NULL,NULL,NULL,NULL,NULL,NULL,NULL,7107
15/04/2005,Charlie Hodgson,Charlie Hodgson,Charlie Hodgson,NULL,NULL,NULL,NULL,NULL,NULL,NULL,NULL,7108
30/04/2005,Charlie Hodgson,Charlie Hodgson,NULL,NULL,NULL,NULL,NULL,NULL,NULL,NULL,NULL,7109
07/05/2005,Charlie Hodgson,Richard Wigglesworth,NULL,NULL,NULL,NULL,NULL,NULL,NULL,NULL,NULL,7110
03/09/2006,Charlie Hodgson,Charlie Hodgson,NULL,NULL,NULL,NULL,NULL,NULL,NULL,NULL,NULL,7111
09/09/2006,Charlie Hodgson,Charlie Hodgson,NULL,NULL,NULL,NULL,NULL,NULL,NULL,NULL,NULL,7112
15/09/2006,Charlie Hodgson,Charlie Hodgson,NULL,NULL,NULL,NULL,NULL,NULL,NULL,NULL,NULL,7113
22/09/2006,Charlie Hodgson,Charlie Hodgson,NULL,NULL,NULL,NULL,NULL,NULL,NULL,NULL,NULL,7114
15/10/2006,Charlie Hodgson,Charlie Hodgson,Charlie Hodgson,Charlie Hodgson,NULL,NULL,NULL,NULL,NULL,NULL,NULL,7115
03/11/2006,NULL,NULL,NULL,NULL,NULL,NULL,NULL,NULL,NULL,NULL,NULL,7116
10/11/2006,NULL,NULL,NULL,NULL,NULL,NULL,NULL,NULL,NULL,NULL,NULL,7117
17/11/2006,NULL,NULL,NULL,NULL,NULL,NULL,NULL,NULL,NULL,NULL,NULL,7118
24/11/2006,NULL,NULL,NULL,NULL,NULL,NULL,NULL,NULL,NULL,NULL,NULL,7119
22/12/2006,Lee Thomas,NULL,NULL,NULL,NULL,NULL,NULL,NULL,NULL,NULL,NULL,7120
26/12/2006,Richard Wigglesworth,NULL,NULL,NULL,NULL,NULL,NULL,NULL,NULL,NULL,NULL,7121
01/01/2007,NULL,NULL,NULL,NULL,NULL,NULL,NULL,NULL,NULL,NULL,NULL,7122
06/01/2007,Richard Wigglesworth,Richard Wigglesworth,NULL,NULL,NULL,NULL,NULL,NULL,NULL,NULL,NULL,7123
27/01/2007,Geraint Rhys Jones,Geraint Rhys Jones,Geraint Rhys Jones,NULL,NULL,NULL,NULL,NULL,NULL,NULL,NULL,7124
18/02/2007,Geraint Rhys Jones,NULL,NULL,NULL,NULL,NULL,NULL,NULL,NULL,NULL,NULL,7125
23/02/2007,NULL,NULL,NULL,NULL,NULL,NULL,NULL,NULL,NULL,NULL,NULL,7126
04/03/2007,NULL,NULL,NULL,NULL,NULL,NULL,NULL,NULL,NULL,NULL,NULL,7127
09/03/2007,NULL,NULL,NULL,NULL,NULL,NULL,NULL,NULL,NULL,NULL,NULL,7128
17/03/2007,Lee Thomas,NULL,NULL,NULL,NULL,NULL,NULL,NULL,NULL,NULL,NULL,7129
06/04/2007,Geraint Rhys Jones,NULL,NULL,NULL,NULL,NULL,NULL,NULL,NULL,NULL,NULL,7130
13/04/2007,Lee Thomas,Lee Thomas,NULL,NULL,NULL,NULL,NULL,NULL,NULL,NULL,NULL,7131
28/04/2007,NULL,NULL,NULL,NULL,NULL,NULL,NULL,NULL,NULL,NULL,NULL,7132
16/09/2007,Charlie Hodgson,NULL,NULL,NULL,NULL,NULL,NULL,NULL,NULL,NULL,NULL,7133
23/09/2007,NULL,NULL,NULL,NULL,NULL,NULL,NULL,NULL,NULL,NULL,NULL,7134
29/09/2007,Charlie Hodgson,NULL,NULL,NULL,NULL,NULL,NULL,NULL,NULL,NULL,NULL,7135
05/10/2007,Charlie Hodgson,NULL,NULL,NULL,NULL,NULL,NULL,NULL,NULL,NULL,NULL,7136
13/10/2007,Charlie Hodgson,NULL,NULL,NULL,NULL,NULL,NULL,NULL,NULL,NULL,NULL,7137
19/10/2007,Charlie Hodgson,Charlie Hodgson,Charlie Hodgson,Charlie Hodgson,NULL,NULL,NULL,NULL,NULL,NULL,NULL,7138
23/11/2007,Charlie Hodgson,NULL,NULL,NULL,NULL,NULL,NULL,NULL,NULL,NULL,NULL,7139
23/12/2007,NULL,NULL,NULL,NULL,NULL,NULL,NULL,NULL,NULL,NULL,NULL,7140
30/12/2007,Charlie Hodgson,Julien Laharrague,Julien Laharrague,Lee Thomas,NULL,NULL,NULL,NULL,NULL,NULL,NULL,7141
06/01/2008,NULL,NULL,NULL,NULL,NULL,NULL,NULL,NULL,NULL,NULL,NULL,7142
25/01/2008,Charlie Hodgson,Charlie Hodgson,NULL,NULL,NULL,NULL,NULL,NULL,NULL,NULL,NULL,7143
15/02/2008,Charlie Hodgson,Charlie Hodgson,NULL,NULL,NULL,NULL,NULL,NULL,NULL,NULL,NULL,7144
23/02/2008,NULL,NULL,NULL,NULL,NULL,NULL,NULL,NULL,NULL,NULL,NULL,7145
29/02/2008,NULL,NULL,NULL,NULL,NULL,NULL,NULL,NULL,NULL,NULL,NULL,7146
09/03/2008,Luke McAlister,Luke McAlister,NULL,NULL,NULL,NULL,NULL,NULL,NULL,NULL,NULL,7147
14/03/2008,Charlie Hodgson,NULL,NULL,NULL,NULL,NULL,NULL,NULL,NULL,NULL,NULL,7148
28/03/2008,Charlie Hodgson,NULL,NULL,NULL,NULL,NULL,NULL,NULL,NULL,NULL,NULL,7149
11/04/2008,Charlie Hodgson,Charlie Hodgson,Charlie Hodgson,NULL,NULL,NULL,NULL,NULL,NULL,NULL,NULL,7150
15/04/2008,Charlie Hodgson,NULL,NULL,NULL,NULL,NULL,NULL,NULL,NULL,NULL,NULL,7151
20/04/2008,Charlie Hodgson,Charlie Hodgson,Luke McAlister,Luke McAlister,Luke McAlister,NULL,NULL,NULL,NULL,NULL,NULL,7152
04/05/2008,Charlie Hodgson,Charlie Hodgson,NULL,NULL,NULL,NULL,NULL,NULL,NULL,NULL,NULL,7153
10/05/2008,Luke McAlister,NULL,NULL,NULL,NULL,NULL,NULL,NULL,NULL,NULL,NULL,7154
02/09/2001,Charlie Hodgson,Charlie Hodgson,Charlie Hodgson,NULL,NULL,NULL,NULL,NULL,NULL,NULL,NULL,7155
08/09/2001,Charlie Hodgson,Charlie Hodgson,Jos Baxendell,NULL,NULL,NULL,NULL,NULL,NULL,NULL,NULL,7156
16/09/2001,Charlie Hodgson,Charlie Hodgson,NULL,NULL,NULL,NULL,NULL,NULL,NULL,NULL,NULL,7157
22/09/2001,Charlie Hodgson,NULL,NULL,NULL,NULL,NULL,NULL,NULL,NULL,NULL,NULL,7158
13/10/2001,Charlie Hodgson,Charlie Hodgson,NULL,NULL,NULL,NULL,NULL,NULL,NULL,NULL,NULL,7159
20/10/2001,Charlie Hodgson,Charlie Hodgson,Charlie Hodgson,Charlie Hodgson,NULL,NULL,NULL,NULL,NULL,NULL,NULL,7160
11/11/2001,Charlie Hodgson,NULL,NULL,NULL,NULL,NULL,NULL,NULL,NULL,NULL,NULL,7161
17/11/2001,NULL,NULL,NULL,NULL,NULL,NULL,NULL,NULL,NULL,NULL,NULL,7162
25/11/2001,Charlie Hodgson,Charlie Hodgson,Charlie Hodgson,Charlie Hodgson,NULL,NULL,NULL,NULL,NULL,NULL,NULL,7163
01/12/2001,Charlie Hodgson,Charlie Hodgson,NULL,NULL,NULL,NULL,NULL,NULL,NULL,NULL,NULL,7164
08/12/2001,Charlie Hodgson,NULL,NULL,NULL,NULL,NULL,NULL,NULL,NULL,NULL,NULL,7165
27/12/2001,Charlie Hodgson,NULL,NULL,NULL,NULL,NULL,NULL,NULL,NULL,NULL,NULL,7166
20/11/2020,AJ MacGinty,AJ MacGinty,AJ MacGinty,NULL,NULL,NULL,NULL,NULL,NULL,NULL,NULL,7167
27/11/2020,AJ MacGinty,NULL,NULL,NULL,NULL,NULL,NULL,NULL,NULL,NULL,NULL,7168
06/12/2020,AJ MacGinty,NULL,NULL,NULL,NULL,NULL,NULL,NULL,NULL,NULL,NULL,7169
12/12/2020,AJ MacGinty,AJ MacGinty,NULL,NULL,NULL,NULL,NULL,NULL,NULL,NULL,NULL,7170
19/12/2020,Rob Du Preez,NULL,NULL,NULL,NULL,NULL,NULL,NULL,NULL,NULL,NULL,7171
27/12/2020,AJ MacGinty,AJ MacGinty,NULL,NULL,NULL,NULL,NULL,NULL,NULL,NULL,NULL,7172
02/01/2021,AJ MacGinty,NULL,NULL,NULL,NULL,NULL,NULL,NULL,NULL,NULL,NULL,7173
NULL,NULL,NULL,NULL,NULL,NULL,NULL,NULL,NULL,NULL,NULL,NULL,7174
NULL,NULL,NULL,NULL,NULL,NULL,NULL,NULL,NULL,NULL,NULL,NULL,7175
NULL,NULL,NULL,NULL,NULL,NULL,NULL,NULL,NULL,NULL,NULL,NULL,7176
NULL,NULL,NULL,NULL,NULL,NULL,NULL,NULL,NULL,NULL,NULL,NULL,7177
NULL,NULL,NULL,NULL,NULL,NULL,NULL,NULL,NULL,NULL,NULL,NULL,7178
20/11/2020,AJ MacGinty,AJ MacGinty,AJ MacGinty,NULL,NULL,NULL,NULL,NULL,NULL,NULL,NULL,7179
27/11/2020,AJ MacGinty,NULL,NULL,NULL,NULL,NULL,NULL,NULL,NULL,NULL,NULL,7180
06/12/2020,AJ MacGinty,NULL,NULL,NULL,NULL,NULL,NULL,NULL,NULL,NULL,NULL,7181
12/12/2020,AJ MacGinty,AJ MacGinty,NULL,NULL,NULL,NULL,NULL,NULL,NULL,NULL,NULL,7182
19/12/2020,Rob Du Preez,NULL,NULL,NULL,NULL,NULL,NULL,NULL,NULL,NULL,NULL,7183
27/12/2020,AJ MacGinty,AJ MacGinty,NULL,NULL,NULL,NULL,NULL,NULL,NULL,NULL,NULL,7184
02/01/2021,AJ MacGinty,NULL,NULL,NULL,NULL,NULL,NULL,NULL,NULL,NULL,NULL,7185
NULL,NULL,NULL,NULL,NULL,NULL,NULL,NULL,NULL,NULL,NULL,NULL,7186
NULL,NULL,NULL,NULL,NULL,NULL,NULL,NULL,NULL,NULL,NULL,NULL,7187
NULL,NULL,NULL,NULL,NULL,NULL,NULL,NULL,NULL,NULL,NULL,NULL,7188
NULL,NULL,NULL,NULL,NULL,NULL,NULL,NULL,NULL,NULL,NULL,NULL,7189
NULL,NULL,NULL,NULL,NULL,NULL,NULL,NULL,NULL,NULL,NULL,NULL,7190
08/01/2021,AJ MacGinty,AJ MacGinty,NULL,NULL,NULL,NULL,NULL,NULL,NULL,NULL,NULL,7191
29/01/2021,AJ MacGinty,AJ MacGinty,NULL,NULL,NULL,NULL,NULL,NULL,NULL,NULL,NULL,7192
05/02/2021,NULL,NULL,NULL,NULL,NULL,NULL,NULL,NULL,NULL,NULL,NULL,7193
12/02/2021,Rob du Preez,NULL,NULL,NULL,NULL,NULL,NULL,NULL,NULL,NULL,NULL,7194
20/02/2021,Rob du Preez,NULL,NULL,NULL,NULL,NULL,NULL,NULL,NULL,NULL,NULL,7195
26/02/2021,AJ MacGinty,AJ MacGinty,NULL,NULL,NULL,NULL,NULL,NULL,NULL,NULL,NULL,7196
05/03/2021,Rob du Preez,AJ MacGinty,NULL,NULL,NULL,NULL,NULL,NULL,NULL,NULL,NULL,7197
13/03/2021,AJ MacGinty,AJ MacGinty,NULL,NULL,NULL,NULL,NULL,NULL,NULL,NULL,NULL,7198
21/03/2021,Rob du Preez,AJ MacGinty,Rob du Preez,Rob du Preez,NULL,NULL,NULL,NULL,NULL,NULL,NULL,7199
27/03/2021,Rob du Preez,Rob du Preez,NULL,NULL,NULL,NULL,NULL,NULL,NULL,NULL,NULL,7200
04/04/2021,AJ MacGinty,AJ MacGinty,AJ MacGinty,AJ MacGinty,AJ MacGinty,AJ MacGinty,NULL,NULL,NULL,NULL,NULL,7201
